2026-03-05 11:44:51 [main] ERROR BaseClass - this is error message
2026-03-05 11:44:51 [main] FATAL BaseClass - thus is fatal message
2026-03-05 11:45:20 [main] ERROR BaseClass - this is error message
2026-03-05 11:45:20 [main] FATAL BaseClass - thus is fatal message
2026-03-05 11:45:40 [main] ERROR BaseClass - this is error message
2026-03-05 11:45:40 [main] FATAL BaseClass - thus is fatal message
2026-03-05 11:46:36 [main] ERROR BaseClass - this is error message
2026-03-05 11:46:36 [main] FATAL BaseClass - thus is fatal message
2026-03-05 11:47:08 [main] ERROR BaseClass - this is error message
2026-03-05 11:47:08 [main] FATAL BaseClass - thus is fatal message
2026-03-05 11:47:14 [main] ERROR ActionDriver - element not clickable:invalid selector: An invalid or illegal selector was specified
  (Session info: chrome=145.0.7632.119)
For documentation on this error, please visit: https://www.selenium.dev/documentation/webdriver/troubleshooting/errors#invalid-selector-exception
Build info: version: '4.18.0', revision: 'b6bf9de7cc*'
System info: os.name: 'Windows 11', os.arch: 'amd64', os.version: '10.0', java.version: '25.0.1'
Driver info: org.openqa.selenium.chrome.ChromeDriver
Command: [cac4c4bff31620c451ce6dea4abf5bc7, findElement {using=css selector, value=..oxd-userdropdown-tab}]
Capabilities {acceptInsecureCerts: false, browserName: chrome, browserVersion: 145.0.7632.119, chrome: {chromedriverVersion: 145.0.7632.117 (de4e5d6e13b..., userDataDir: C:\Users\91708\AppData\Loca...}, fedcm:accounts: true, goog:chromeOptions: {debuggerAddress: localhost:49203}, goog:processID: 22772, networkConnectionEnabled: false, pageLoadStrategy: normal, platformName: windows, proxy: Proxy(), se:cdp: ws://localhost:49203/devtoo..., se:cdpVersion: 145.0.7632.119, setWindowRect: true, strictFileInteractability: false, timeouts: {implicit: 0, pageLoad: 300000, script: 30000}, unhandledPromptBehavior: dismiss and notify, webauthn:extension:credBlob: true, webauthn:extension:largeBlob: true, webauthn:extension:minPinLength: true, webauthn:extension:prf: true, webauthn:virtualAuthenticators: true}
Session ID: cac4c4bff31620c451ce6dea4abf5bc7
2026-03-05 11:47:14 [main] ERROR ActionDriver - not able to click:invalid selector: An invalid or illegal selector was specified
  (Session info: chrome=145.0.7632.119)
For documentation on this error, please visit: https://www.selenium.dev/documentation/webdriver/troubleshooting/errors#invalid-selector-exception
Build info: version: '4.18.0', revision: 'b6bf9de7cc*'
System info: os.name: 'Windows 11', os.arch: 'amd64', os.version: '10.0', java.version: '25.0.1'
Driver info: org.openqa.selenium.chrome.ChromeDriver
Command: [cac4c4bff31620c451ce6dea4abf5bc7, findElement {using=css selector, value=..oxd-userdropdown-tab}]
Capabilities {acceptInsecureCerts: false, browserName: chrome, browserVersion: 145.0.7632.119, chrome: {chromedriverVersion: 145.0.7632.117 (de4e5d6e13b..., userDataDir: C:\Users\91708\AppData\Loca...}, fedcm:accounts: true, goog:chromeOptions: {debuggerAddress: localhost:49203}, goog:processID: 22772, networkConnectionEnabled: false, pageLoadStrategy: normal, platformName: windows, proxy: Proxy(), se:cdp: ws://localhost:49203/devtoo..., se:cdpVersion: 145.0.7632.119, setWindowRect: true, strictFileInteractability: false, timeouts: {implicit: 0, pageLoad: 300000, script: 30000}, unhandledPromptBehavior: dismiss and notify, webauthn:extension:credBlob: true, webauthn:extension:largeBlob: true, webauthn:extension:minPinLength: true, webauthn:extension:prf: true, webauthn:virtualAuthenticators: true}
Session ID: cac4c4bff31620c451ce6dea4abf5bc7
2026-03-05 11:47:24 [main] ERROR ActionDriver - element not clickable:Expected condition failed: waiting for element to be clickable: By.xpath: //a[text()='Logout'] (tried for 10 second(s) with 500 milliseconds interval)
Build info: version: '4.18.0', revision: 'b6bf9de7cc*'
System info: os.name: 'Windows 11', os.arch: 'amd64', os.version: '10.0', java.version: '25.0.1'
Driver info: org.openqa.selenium.chrome.ChromeDriver
Capabilities {acceptInsecureCerts: false, browserName: chrome, browserVersion: 145.0.7632.119, chrome: {chromedriverVersion: 145.0.7632.117 (de4e5d6e13b..., userDataDir: C:\Users\91708\AppData\Loca...}, fedcm:accounts: true, goog:chromeOptions: {debuggerAddress: localhost:49203}, goog:processID: 22772, networkConnectionEnabled: false, pageLoadStrategy: normal, platformName: windows, proxy: Proxy(), se:cdp: ws://localhost:49203/devtoo..., se:cdpVersion: 145.0.7632.119, setWindowRect: true, strictFileInteractability: false, timeouts: {implicit: 0, pageLoad: 300000, script: 30000}, unhandledPromptBehavior: dismiss and notify, webauthn:extension:credBlob: true, webauthn:extension:largeBlob: true, webauthn:extension:minPinLength: true, webauthn:extension:prf: true, webauthn:virtualAuthenticators: true}
Session ID: cac4c4bff31620c451ce6dea4abf5bc7
2026-03-05 11:47:34 [main] ERROR ActionDriver - not able to click:no such element: Unable to locate element: {"method":"xpath","selector":"//a[text()='Logout']"}
  (Session info: chrome=145.0.7632.119)
For documentation on this error, please visit: https://www.selenium.dev/documentation/webdriver/troubleshooting/errors#no-such-element-exception
Build info: version: '4.18.0', revision: 'b6bf9de7cc*'
System info: os.name: 'Windows 11', os.arch: 'amd64', os.version: '10.0', java.version: '25.0.1'
Driver info: org.openqa.selenium.chrome.ChromeDriver
Command: [cac4c4bff31620c451ce6dea4abf5bc7, findElement {using=xpath, value=//a[text()='Logout']}]
Capabilities {acceptInsecureCerts: false, browserName: chrome, browserVersion: 145.0.7632.119, chrome: {chromedriverVersion: 145.0.7632.117 (de4e5d6e13b..., userDataDir: C:\Users\91708\AppData\Loca...}, fedcm:accounts: true, goog:chromeOptions: {debuggerAddress: localhost:49203}, goog:processID: 22772, networkConnectionEnabled: false, pageLoadStrategy: normal, platformName: windows, proxy: Proxy(), se:cdp: ws://localhost:49203/devtoo..., se:cdpVersion: 145.0.7632.119, setWindowRect: true, strictFileInteractability: false, timeouts: {implicit: 0, pageLoad: 300000, script: 30000}, unhandledPromptBehavior: dismiss and notify, webauthn:extension:credBlob: true, webauthn:extension:largeBlob: true, webauthn:extension:minPinLength: true, webauthn:extension:prf: true, webauthn:virtualAuthenticators: true}
Session ID: cac4c4bff31620c451ce6dea4abf5bc7
2026-03-07 09:56:35 [TestNG-test-orangeHRMTest-4] ERROR BaseClass - this is error message
2026-03-07 09:56:35 [TestNG-test-orangeHRMTest-4] FATAL BaseClass - thus is fatal message
2026-03-07 09:56:41 [TestNG-test-orangeHRMTest-1] ERROR BaseClass - this is error message
2026-03-07 09:56:41 [TestNG-test-orangeHRMTest-1] FATAL BaseClass - thus is fatal message
2026-03-07 09:56:42 [TestNG-test-orangeHRMTest-2] ERROR BaseClass - this is error message
2026-03-07 09:56:42 [TestNG-test-orangeHRMTest-2] FATAL BaseClass - thus is fatal message
2026-03-07 09:56:45 [TestNG-test-orangeHRMTest-3] ERROR BaseClass - this is error message
2026-03-07 09:56:45 [TestNG-test-orangeHRMTest-3] FATAL BaseClass - thus is fatal message
2026-03-07 09:56:59 [TestNG-test-orangeHRMTest-3] ERROR BaseClass - this is error message
2026-03-07 09:56:59 [TestNG-test-orangeHRMTest-3] FATAL BaseClass - thus is fatal message
2026-03-07 09:57:02 [TestNG-test-orangeHRMTest-3] ERROR ActionDriver - actual textInvalid credentialsas well asError messageare not equal
2026-03-07 09:59:32 [TestNG-test-orangeHRMTest-1] ERROR BaseClass - this is error message
2026-03-07 09:59:32 [TestNG-test-orangeHRMTest-1] FATAL BaseClass - thus is fatal message
2026-03-07 09:59:41 [TestNG-test-orangeHRMTest-4] ERROR BaseClass - this is error message
2026-03-07 09:59:41 [TestNG-test-orangeHRMTest-4] FATAL BaseClass - thus is fatal message
2026-03-07 09:59:42 [TestNG-test-orangeHRMTest-2] ERROR BaseClass - this is error message
2026-03-07 09:59:42 [TestNG-test-orangeHRMTest-2] FATAL BaseClass - thus is fatal message
2026-03-07 09:59:42 [TestNG-test-orangeHRMTest-3] ERROR BaseClass - this is error message
2026-03-07 09:59:42 [TestNG-test-orangeHRMTest-3] FATAL BaseClass - thus is fatal message
2026-03-07 09:59:51 [TestNG-test-orangeHRMTest-3] ERROR BaseClass - this is error message
2026-03-07 09:59:51 [TestNG-test-orangeHRMTest-3] FATAL BaseClass - thus is fatal message
2026-03-07 09:59:55 [TestNG-test-orangeHRMTest-3] ERROR ActionDriver - actual textInvalid credentialsas well asError messageare not equal
2026-03-07 10:00:05 [TestNG-test-orangeHRMTest-3] ERROR BaseClass - this is error message
2026-03-07 10:00:05 [TestNG-test-orangeHRMTest-3] FATAL BaseClass - thus is fatal message
2026-03-07 10:01:32 [TestNG-test-orangeHRMTest-2] ERROR BaseClass - this is error message
2026-03-07 10:01:32 [TestNG-test-orangeHRMTest-2] FATAL BaseClass - thus is fatal message
2026-03-07 10:01:32 [TestNG-test-orangeHRMTest-4] ERROR BaseClass - this is error message
2026-03-07 10:01:32 [TestNG-test-orangeHRMTest-4] FATAL BaseClass - thus is fatal message
2026-03-07 10:01:38 [TestNG-test-orangeHRMTest-3] ERROR BaseClass - this is error message
2026-03-07 10:01:38 [TestNG-test-orangeHRMTest-3] FATAL BaseClass - thus is fatal message
2026-03-07 10:01:41 [TestNG-test-orangeHRMTest-1] ERROR BaseClass - this is error message
2026-03-07 10:01:41 [TestNG-test-orangeHRMTest-1] FATAL BaseClass - thus is fatal message
2026-03-07 10:01:53 [TestNG-test-orangeHRMTest-3] ERROR BaseClass - this is error message
2026-03-07 10:01:53 [TestNG-test-orangeHRMTest-3] FATAL BaseClass - thus is fatal message
2026-03-07 10:01:55 [TestNG-test-orangeHRMTest-3] ERROR ActionDriver - actual textInvalid credentialsas well asError messageare not equal
2026-03-07 10:02:05 [TestNG-test-orangeHRMTest-3] ERROR BaseClass - this is error message
2026-03-07 10:02:05 [TestNG-test-orangeHRMTest-3] FATAL BaseClass - thus is fatal message
2026-03-07 10:04:39 [TestNG-test-orangeHRMTest-1] ERROR BaseClass - this is error message
2026-03-07 10:04:39 [TestNG-test-orangeHRMTest-1] FATAL BaseClass - thus is fatal message
2026-03-07 10:04:39 [TestNG-test-orangeHRMTest-4] ERROR BaseClass - this is error message
2026-03-07 10:04:39 [TestNG-test-orangeHRMTest-4] FATAL BaseClass - thus is fatal message
2026-03-07 10:04:47 [TestNG-test-orangeHRMTest-3] ERROR BaseClass - this is error message
2026-03-07 10:04:47 [TestNG-test-orangeHRMTest-3] FATAL BaseClass - thus is fatal message
2026-03-07 10:04:47 [TestNG-test-orangeHRMTest-2] ERROR BaseClass - this is error message
2026-03-07 10:04:47 [TestNG-test-orangeHRMTest-2] FATAL BaseClass - thus is fatal message
2026-03-07 10:05:05 [TestNG-test-orangeHRMTest-3] ERROR BaseClass - this is error message
2026-03-07 10:05:05 [TestNG-test-orangeHRMTest-3] FATAL BaseClass - thus is fatal message
2026-03-07 10:05:08 [TestNG-test-orangeHRMTest-3] ERROR ActionDriver - actual textInvalid credentialsas well asError messageare not equal
2026-03-07 10:05:18 [TestNG-test-orangeHRMTest-3] ERROR BaseClass - this is error message
2026-03-07 10:05:18 [TestNG-test-orangeHRMTest-3] FATAL BaseClass - thus is fatal message
2026-03-07 10:08:47 [TestNG-test-orangeHRMTest-3] ERROR BaseClass - this is error message
2026-03-07 10:08:47 [TestNG-test-orangeHRMTest-3] FATAL BaseClass - thus is fatal message
2026-03-07 10:08:52 [TestNG-test-orangeHRMTest-1] ERROR BaseClass - this is error message
2026-03-07 10:08:52 [TestNG-test-orangeHRMTest-1] FATAL BaseClass - thus is fatal message
2026-03-07 10:08:56 [TestNG-test-orangeHRMTest-2] ERROR BaseClass - this is error message
2026-03-07 10:08:56 [TestNG-test-orangeHRMTest-2] FATAL BaseClass - thus is fatal message
2026-03-07 10:08:58 [TestNG-test-orangeHRMTest-4] ERROR BaseClass - this is error message
2026-03-07 10:08:58 [TestNG-test-orangeHRMTest-4] FATAL BaseClass - thus is fatal message
2026-03-07 10:09:21 [TestNG-test-orangeHRMTest-3] ERROR BaseClass - this is error message
2026-03-07 10:09:21 [TestNG-test-orangeHRMTest-3] FATAL BaseClass - thus is fatal message
2026-03-07 10:09:26 [TestNG-test-orangeHRMTest-3] ERROR ActionDriver - actual textInvalid credentialsas well asError messageare not equal
2026-03-07 10:09:41 [TestNG-test-orangeHRMTest-3] ERROR BaseClass - this is error message
2026-03-07 10:09:41 [TestNG-test-orangeHRMTest-3] FATAL BaseClass - thus is fatal message
2026-03-07 10:09:58 [TestNG-test-orangeHRMTest1-2] ERROR BaseClass - this is error message
2026-03-07 10:09:58 [TestNG-test-orangeHRMTest1-2] FATAL BaseClass - thus is fatal message
2026-03-07 10:10:04 [TestNG-test-orangeHRMTest1-4] ERROR BaseClass - this is error message
2026-03-07 10:10:04 [TestNG-test-orangeHRMTest1-4] FATAL BaseClass - thus is fatal message
2026-03-07 10:10:04 [TestNG-test-orangeHRMTest1-3] ERROR BaseClass - this is error message
2026-03-07 10:10:04 [TestNG-test-orangeHRMTest1-3] FATAL BaseClass - thus is fatal message
2026-03-07 10:10:08 [TestNG-test-orangeHRMTest1-1] ERROR BaseClass - this is error message
2026-03-07 10:10:08 [TestNG-test-orangeHRMTest1-1] FATAL BaseClass - thus is fatal message
2026-03-07 10:10:21 [TestNG-test-orangeHRMTest1-3] ERROR BaseClass - this is error message
2026-03-07 10:10:21 [TestNG-test-orangeHRMTest1-3] FATAL BaseClass - thus is fatal message
2026-03-07 10:10:23 [TestNG-test-orangeHRMTest1-3] ERROR ActionDriver - actual textInvalid credentialsas well asError messageare not equal
2026-03-07 10:10:39 [TestNG-test-orangeHRMTest1-3] ERROR BaseClass - this is error message
2026-03-07 10:10:39 [TestNG-test-orangeHRMTest1-3] FATAL BaseClass - thus is fatal message
2026-03-07 10:13:13 [TestNG-test-orangeHRMTest-2] ERROR BaseClass - this is error message
2026-03-07 10:13:13 [TestNG-test-orangeHRMTest-2] FATAL BaseClass - thus is fatal message
2026-03-07 10:13:23 [TestNG-test-orangeHRMTest-1] ERROR BaseClass - this is error message
2026-03-07 10:13:23 [TestNG-test-orangeHRMTest-1] FATAL BaseClass - thus is fatal message
2026-03-07 10:13:24 [TestNG-test-orangeHRMTest-3] ERROR BaseClass - this is error message
2026-03-07 10:13:24 [TestNG-test-orangeHRMTest-3] FATAL BaseClass - thus is fatal message
2026-03-07 10:13:27 [TestNG-test-orangeHRMTest-4] ERROR BaseClass - this is error message
2026-03-07 10:13:27 [TestNG-test-orangeHRMTest-4] FATAL BaseClass - thus is fatal message
2026-03-07 10:13:43 [TestNG-test-orangeHRMTest-3] ERROR BaseClass - this is error message
2026-03-07 10:13:43 [TestNG-test-orangeHRMTest-3] FATAL BaseClass - thus is fatal message
2026-03-07 10:13:45 [TestNG-test-orangeHRMTest-3] ERROR ActionDriver - actual textInvalid credentialsas well asError messageare not equal
2026-03-07 10:14:04 [TestNG-test-orangeHRMTest-3] ERROR BaseClass - this is error message
2026-03-07 10:14:04 [TestNG-test-orangeHRMTest-3] FATAL BaseClass - thus is fatal message
2026-03-07 10:14:19 [TestNG-test-orangeHRMTest1-2] ERROR BaseClass - this is error message
2026-03-07 10:14:19 [TestNG-test-orangeHRMTest1-2] FATAL BaseClass - thus is fatal message
2026-03-07 10:14:20 [TestNG-test-orangeHRMTest1-1] ERROR BaseClass - this is error message
2026-03-07 10:14:20 [TestNG-test-orangeHRMTest1-1] FATAL BaseClass - thus is fatal message
2026-03-07 10:14:22 [TestNG-test-orangeHRMTest1-3] ERROR BaseClass - this is error message
2026-03-07 10:14:22 [TestNG-test-orangeHRMTest1-3] FATAL BaseClass - thus is fatal message
2026-03-07 10:14:27 [TestNG-test-orangeHRMTest1-4] ERROR BaseClass - this is error message
2026-03-07 10:14:27 [TestNG-test-orangeHRMTest1-4] FATAL BaseClass - thus is fatal message
2026-03-07 10:14:43 [TestNG-test-orangeHRMTest1-3] ERROR BaseClass - this is error message
2026-03-07 10:14:43 [TestNG-test-orangeHRMTest1-3] FATAL BaseClass - thus is fatal message
2026-03-07 10:14:46 [TestNG-test-orangeHRMTest1-3] ERROR ActionDriver - actual textInvalid credentialsas well asError messageare not equal
2026-03-07 10:14:58 [TestNG-test-orangeHRMTest1-3] ERROR BaseClass - this is error message
2026-03-07 10:14:58 [TestNG-test-orangeHRMTest1-3] FATAL BaseClass - thus is fatal message
2026-03-07 10:17:56 [TestNG-test-orangeHRMTest-1] ERROR BaseClass - this is error message
2026-03-07 10:17:56 [TestNG-test-orangeHRMTest-1] FATAL BaseClass - thus is fatal message
2026-03-07 10:17:59 [TestNG-test-orangeHRMTest-3] ERROR BaseClass - this is error message
2026-03-07 10:17:59 [TestNG-test-orangeHRMTest-3] FATAL BaseClass - thus is fatal message
2026-03-07 10:18:02 [TestNG-test-orangeHRMTest-2] ERROR BaseClass - this is error message
2026-03-07 10:18:02 [TestNG-test-orangeHRMTest-2] FATAL BaseClass - thus is fatal message
2026-03-07 10:18:10 [TestNG-test-orangeHRMTest-4] ERROR BaseClass - this is error message
2026-03-07 10:18:10 [TestNG-test-orangeHRMTest-4] FATAL BaseClass - thus is fatal message
2026-03-07 10:18:17 [TestNG-test-orangeHRMTest-3] ERROR BaseClass - this is error message
2026-03-07 10:18:17 [TestNG-test-orangeHRMTest-3] FATAL BaseClass - thus is fatal message
2026-03-07 10:18:19 [TestNG-test-orangeHRMTest-3] ERROR ActionDriver - actual textInvalid credentialsas well asError messageare not equal
2026-03-07 10:18:26 [TestNG-test-orangeHRMTest-3] ERROR BaseClass - this is error message
2026-03-07 10:18:26 [TestNG-test-orangeHRMTest-3] FATAL BaseClass - thus is fatal message
2026-03-07 10:18:42 [TestNG-tests-2] ERROR BaseClass - this is error message
2026-03-07 10:18:42 [TestNG-tests-2] FATAL BaseClass - thus is fatal message
2026-03-07 10:18:42 [TestNG-tests-1] ERROR BaseClass - this is error message
2026-03-07 10:18:42 [TestNG-tests-1] FATAL BaseClass - thus is fatal message
2026-03-07 10:18:53 [TestNG-tests-1] ERROR BaseClass - this is error message
2026-03-07 10:18:53 [TestNG-tests-1] FATAL BaseClass - thus is fatal message
2026-03-07 10:19:00 [TestNG-tests-2] ERROR BaseClass - this is error message
2026-03-07 10:19:00 [TestNG-tests-2] FATAL BaseClass - thus is fatal message
2026-03-07 10:19:07 [TestNG-tests-1] ERROR BaseClass - this is error message
2026-03-07 10:19:07 [TestNG-tests-1] FATAL BaseClass - thus is fatal message
2026-03-07 10:19:18 [TestNG-tests-2] ERROR BaseClass - this is error message
2026-03-07 10:19:18 [TestNG-tests-2] FATAL BaseClass - thus is fatal message
2026-03-07 10:19:28 [TestNG-tests-1] ERROR BaseClass - this is error message
2026-03-07 10:19:28 [TestNG-tests-1] FATAL BaseClass - thus is fatal message
2026-03-07 10:19:34 [TestNG-tests-1] ERROR ActionDriver - actual textInvalid credentialsas well asError messageare not equal
2026-03-07 10:19:37 [TestNG-tests-2] ERROR BaseClass - this is error message
2026-03-07 10:19:37 [TestNG-tests-2] FATAL BaseClass - thus is fatal message
2026-03-07 10:19:40 [TestNG-tests-2] ERROR ActionDriver - actual textInvalid credentialsas well asError messageare not equal
2026-03-07 10:19:43 [TestNG-tests-1] ERROR BaseClass - this is error message
2026-03-07 10:19:43 [TestNG-tests-1] FATAL BaseClass - thus is fatal message
2026-03-07 10:19:50 [TestNG-tests-2] ERROR BaseClass - this is error message
2026-03-07 10:19:50 [TestNG-tests-2] FATAL BaseClass - thus is fatal message
2026-03-07 10:20:06 [TestNG-tests-1] ERROR BaseClass - this is error message
2026-03-07 10:20:06 [TestNG-tests-1] FATAL BaseClass - thus is fatal message
2026-03-07 10:20:13 [TestNG-tests-2] ERROR BaseClass - this is error message
2026-03-07 10:20:13 [TestNG-tests-2] FATAL BaseClass - thus is fatal message
2026-03-07 10:21:14 [TestNG-tests-1] ERROR BaseClass - this is error message
2026-03-07 10:21:14 [TestNG-tests-1] FATAL BaseClass - thus is fatal message
2026-03-07 10:21:18 [TestNG-tests-2] ERROR BaseClass - this is error message
2026-03-07 10:21:18 [TestNG-tests-2] FATAL BaseClass - thus is fatal message
2026-03-07 10:21:25 [TestNG-tests-1] ERROR BaseClass - this is error message
2026-03-07 10:21:25 [TestNG-tests-1] FATAL BaseClass - thus is fatal message
2026-03-07 10:21:36 [TestNG-tests-2] ERROR BaseClass - this is error message
2026-03-07 10:21:36 [TestNG-tests-2] FATAL BaseClass - thus is fatal message
2026-03-07 10:21:39 [TestNG-tests-1] ERROR BaseClass - this is error message
2026-03-07 10:21:39 [TestNG-tests-1] FATAL BaseClass - thus is fatal message
2026-03-07 10:21:47 [TestNG-tests-2] ERROR BaseClass - this is error message
2026-03-07 10:21:47 [TestNG-tests-2] FATAL BaseClass - thus is fatal message
2026-03-07 10:21:52 [TestNG-tests-1] ERROR BaseClass - this is error message
2026-03-07 10:21:52 [TestNG-tests-1] FATAL BaseClass - thus is fatal message
2026-03-07 10:21:56 [TestNG-tests-1] ERROR ActionDriver - actual textInvalid credentialsas well asError messageare not equal
2026-03-07 10:22:03 [TestNG-tests-2] ERROR BaseClass - this is error message
2026-03-07 10:22:03 [TestNG-tests-2] FATAL BaseClass - thus is fatal message
2026-03-07 10:22:05 [TestNG-tests-1] ERROR BaseClass - this is error message
2026-03-07 10:22:05 [TestNG-tests-1] FATAL BaseClass - thus is fatal message
2026-03-07 10:22:06 [TestNG-tests-2] ERROR ActionDriver - actual textInvalid credentialsas well asError messageare not equal
2026-03-07 10:22:19 [TestNG-tests-2] ERROR BaseClass - this is error message
2026-03-07 10:22:19 [TestNG-tests-2] FATAL BaseClass - thus is fatal message
2026-03-07 10:22:25 [TestNG-tests-1] ERROR BaseClass - this is error message
2026-03-07 10:22:25 [TestNG-tests-1] FATAL BaseClass - thus is fatal message
2026-03-07 10:22:39 [TestNG-tests-2] ERROR BaseClass - this is error message
2026-03-07 10:22:39 [TestNG-tests-2] FATAL BaseClass - thus is fatal message
2026-03-07 10:34:22 [TestNG-tests-2] ERROR BaseClass - this is error message
2026-03-07 10:34:22 [TestNG-tests-2] FATAL BaseClass - thus is fatal message
2026-03-07 10:34:32 [TestNG-tests-2] ERROR BaseClass - this is error message
2026-03-07 10:34:32 [TestNG-tests-2] FATAL BaseClass - thus is fatal message
2026-03-07 10:34:42 [TestNG-tests-2] ERROR BaseClass - this is error message
2026-03-07 10:34:42 [TestNG-tests-2] FATAL BaseClass - thus is fatal message
2026-03-07 10:34:54 [TestNG-tests-2] ERROR BaseClass - this is error message
2026-03-07 10:34:54 [TestNG-tests-2] FATAL BaseClass - thus is fatal message
2026-03-07 10:34:56 [TestNG-tests-2] ERROR ActionDriver - actual textInvalid credentialsas well asError messageare not equal
2026-03-07 10:35:10 [TestNG-tests-2] ERROR BaseClass - this is error message
2026-03-07 10:35:10 [TestNG-tests-2] FATAL BaseClass - thus is fatal message
2026-03-07 10:35:27 [TestNG-tests-2] ERROR BaseClass - this is error message
2026-03-07 10:35:27 [TestNG-tests-2] FATAL BaseClass - thus is fatal message
2026-03-07 10:36:10 [TestNG-tests-1] ERROR BaseClass - this is error message
2026-03-07 10:36:10 [TestNG-tests-1] FATAL BaseClass - thus is fatal message
2026-03-07 10:36:12 [TestNG-tests-2] ERROR BaseClass - this is error message
2026-03-07 10:36:12 [TestNG-tests-2] FATAL BaseClass - thus is fatal message
2026-03-07 10:36:18 [TestNG-tests-1] ERROR BaseClass - this is error message
2026-03-07 10:36:18 [TestNG-tests-1] FATAL BaseClass - thus is fatal message
2026-03-07 10:36:26 [TestNG-tests-2] ERROR BaseClass - this is error message
2026-03-07 10:36:26 [TestNG-tests-2] FATAL BaseClass - thus is fatal message
2026-03-07 10:36:34 [TestNG-tests-1] ERROR BaseClass - this is error message
2026-03-07 10:36:34 [TestNG-tests-1] FATAL BaseClass - thus is fatal message
2026-03-07 10:36:37 [TestNG-tests-2] ERROR BaseClass - this is error message
2026-03-07 10:36:37 [TestNG-tests-2] FATAL BaseClass - thus is fatal message
2026-03-07 10:36:53 [TestNG-tests-1] ERROR BaseClass - this is error message
2026-03-07 10:36:53 [TestNG-tests-1] FATAL BaseClass - thus is fatal message
2026-03-07 10:36:54 [TestNG-tests-2] ERROR BaseClass - this is error message
2026-03-07 10:36:54 [TestNG-tests-2] FATAL BaseClass - thus is fatal message
2026-03-07 10:36:56 [TestNG-tests-1] ERROR ActionDriver - actual textInvalid credentialsas well asError messageare not equal
2026-03-07 10:36:57 [TestNG-tests-2] ERROR ActionDriver - actual textInvalid credentialsas well asError messageare not equal
2026-03-07 10:37:10 [TestNG-tests-1] ERROR BaseClass - this is error message
2026-03-07 10:37:10 [TestNG-tests-1] FATAL BaseClass - thus is fatal message
2026-03-07 10:37:14 [TestNG-tests-2] ERROR BaseClass - this is error message
2026-03-07 10:37:14 [TestNG-tests-2] FATAL BaseClass - thus is fatal message
2026-03-07 10:37:32 [TestNG-tests-1] ERROR BaseClass - this is error message
2026-03-07 10:37:32 [TestNG-tests-1] FATAL BaseClass - thus is fatal message
2026-03-07 10:37:37 [TestNG-tests-2] ERROR BaseClass - this is error message
2026-03-07 10:37:37 [TestNG-tests-2] FATAL BaseClass - thus is fatal message
2026-03-07 17:46:43 [TestNG-tests-1] ERROR BaseClass - this is error message
2026-03-07 17:46:43 [TestNG-tests-1] FATAL BaseClass - thus is fatal message
2026-03-07 17:46:43 [TestNG-tests-2] ERROR BaseClass - this is error message
2026-03-07 17:46:43 [TestNG-tests-2] FATAL BaseClass - thus is fatal message
2026-03-07 17:46:52 [TestNG-tests-1] ERROR BaseClass - this is error message
2026-03-07 17:46:52 [TestNG-tests-1] FATAL BaseClass - thus is fatal message
2026-03-07 17:47:00 [TestNG-tests-2] ERROR BaseClass - this is error message
2026-03-07 17:47:00 [TestNG-tests-2] FATAL BaseClass - thus is fatal message
2026-03-07 17:47:13 [TestNG-tests-1] ERROR BaseClass - this is error message
2026-03-07 17:47:13 [TestNG-tests-1] FATAL BaseClass - thus is fatal message
2026-03-07 17:47:25 [TestNG-tests-2] ERROR BaseClass - this is error message
2026-03-07 17:47:25 [TestNG-tests-2] FATAL BaseClass - thus is fatal message
2026-03-07 17:47:31 [TestNG-tests-1] ERROR BaseClass - this is error message
2026-03-07 17:47:31 [TestNG-tests-1] FATAL BaseClass - thus is fatal message
2026-03-07 17:47:35 [TestNG-tests-1] ERROR ActionDriver - actual textInvalid credentialsas well asError messageare not equal
2026-03-07 17:47:51 [TestNG-tests-1] ERROR BaseClass - this is error message
2026-03-07 17:47:51 [TestNG-tests-1] FATAL BaseClass - thus is fatal message
2026-03-07 17:47:51 [TestNG-tests-2] ERROR BaseClass - this is error message
2026-03-07 17:47:51 [TestNG-tests-2] FATAL BaseClass - thus is fatal message
2026-03-07 17:47:56 [TestNG-tests-2] ERROR ActionDriver - actual textInvalid credentialsas well asError messageare not equal
2026-03-07 17:48:12 [TestNG-tests-2] ERROR BaseClass - this is error message
2026-03-07 17:48:12 [TestNG-tests-2] FATAL BaseClass - thus is fatal message
2026-03-07 17:48:31 [TestNG-tests-1] ERROR BaseClass - this is error message
2026-03-07 17:48:31 [TestNG-tests-1] FATAL BaseClass - thus is fatal message
2026-03-07 17:48:40 [TestNG-tests-2] ERROR BaseClass - this is error message
2026-03-07 17:48:40 [TestNG-tests-2] FATAL BaseClass - thus is fatal message
2026-03-07 17:50:57 [main] ERROR BaseClass - this is error message
2026-03-07 17:50:57 [main] FATAL BaseClass - thus is fatal message
2026-03-07 17:51:40 [main] ERROR BaseClass - this is error message
2026-03-07 17:51:40 [main] FATAL BaseClass - thus is fatal message
2026-03-07 17:54:15 [main] ERROR BaseClass - this is error message
2026-03-07 17:54:15 [main] FATAL BaseClass - thus is fatal message
2026-03-07 17:54:29 [main] ERROR BaseClass - this is error message
2026-03-07 17:54:29 [main] FATAL BaseClass - thus is fatal message
2026-03-07 17:54:33 [main] ERROR ActionDriver - actual textInvalid credentialsas well asError messageare not equal
2026-03-07 17:54:52 [main] ERROR BaseClass - this is error message
2026-03-07 17:54:52 [main] FATAL BaseClass - thus is fatal message
2026-03-07 17:55:26 [main] ERROR BaseClass - this is error message
2026-03-07 17:55:26 [main] FATAL BaseClass - thus is fatal message
2026-03-07 17:55:44 [main] ERROR BaseClass - this is error message
2026-03-07 17:55:44 [main] FATAL BaseClass - thus is fatal message
2026-03-07 17:55:47 [main] ERROR ActionDriver - actual textInvalid credentialsas well asError messageare not equal
2026-03-07 17:55:58 [main] ERROR BaseClass - this is error message
2026-03-07 17:55:58 [main] FATAL BaseClass - thus is fatal message
2026-03-07 17:56:24 [main] ERROR BaseClass - this is error message
2026-03-07 17:56:24 [main] FATAL BaseClass - thus is fatal message
2026-03-12 15:39:22 [TestNG-test-orangeHRMTest-2] ERROR BaseClass - this is error message
2026-03-12 15:39:22 [TestNG-test-orangeHRMTest-2] FATAL BaseClass - thus is fatal message
2026-03-12 15:39:53 [TestNG-test-orangeHRMTest-1] ERROR BaseClass - this is error message
2026-03-12 15:39:53 [TestNG-test-orangeHRMTest-1] FATAL BaseClass - thus is fatal message
2026-03-12 15:40:38 [TestNG-test-orangeHRMTest-1] ERROR BaseClass - this is error message
2026-03-12 15:40:38 [TestNG-test-orangeHRMTest-1] FATAL BaseClass - thus is fatal message
2026-03-12 15:40:42 [TestNG-test-orangeHRMTest-1] ERROR ActionDriver - actual textInvalid credentialsas well asError messageare not equal
2026-03-12 15:41:58 [TestNG-test-orangeHRMTest-1] ERROR BaseClass - this is error message
2026-03-12 15:41:58 [TestNG-test-orangeHRMTest-1] FATAL BaseClass - thus is fatal message
2026-03-12 15:42:55 [TestNG-test-orangeHRMTest-2] ERROR BaseClass - this is error message
2026-03-12 15:42:55 [TestNG-test-orangeHRMTest-2] FATAL BaseClass - thus is fatal message
2026-03-12 15:43:29 [TestNG-test-orangeHRMTest-1] ERROR BaseClass - this is error message
2026-03-12 15:43:29 [TestNG-test-orangeHRMTest-1] FATAL BaseClass - thus is fatal message
2026-03-12 15:44:03 [TestNG-test-orangeHRMTest-1] ERROR BaseClass - this is error message
2026-03-12 15:44:03 [TestNG-test-orangeHRMTest-1] FATAL BaseClass - thus is fatal message
2026-03-12 15:44:07 [TestNG-test-orangeHRMTest-1] ERROR ActionDriver - actual textInvalid credentialsas well asError messageare not equal
2026-03-12 15:44:43 [TestNG-test-orangeHRMTest-1] ERROR BaseClass - this is error message
2026-03-12 15:44:43 [TestNG-test-orangeHRMTest-1] FATAL BaseClass - thus is fatal message
2026-03-13 10:52:15 [TestNG-test-orangeHRMTest-2] ERROR BaseClass - this is error message
2026-03-13 10:52:15 [TestNG-test-orangeHRMTest-2] FATAL BaseClass - thus is fatal message
2026-03-13 10:52:15 [TestNG-test-orangeHRMTest-1] ERROR BaseClass - this is error message
2026-03-13 10:52:15 [TestNG-test-orangeHRMTest-1] FATAL BaseClass - thus is fatal message
2026-03-13 10:52:37 [TestNG-test-orangeHRMTest-1] ERROR BaseClass - this is error message
2026-03-13 10:52:37 [TestNG-test-orangeHRMTest-1] FATAL BaseClass - thus is fatal message
2026-03-13 10:52:41 [TestNG-test-orangeHRMTest-1] ERROR ActionDriver - actual textInvalid credentialsas well asError messageare not equal
2026-03-13 10:52:55 [TestNG-test-orangeHRMTest-1] ERROR BaseClass - this is error message
2026-03-13 10:52:55 [TestNG-test-orangeHRMTest-1] FATAL BaseClass - thus is fatal message
2026-03-14 18:49:27 [TestNG-test-orangeHRMTest-1] ERROR BaseClass - this is error message
2026-03-14 18:49:27 [TestNG-test-orangeHRMTest-1] FATAL BaseClass - thus is fatal message
2026-03-14 18:49:27 [TestNG-test-orangeHRMTest-2] ERROR BaseClass - this is error message
2026-03-14 18:49:27 [TestNG-test-orangeHRMTest-2] FATAL BaseClass - thus is fatal message
2026-03-14 18:49:49 [TestNG-test-orangeHRMTest-1] ERROR BaseClass - this is error message
2026-03-14 18:49:49 [TestNG-test-orangeHRMTest-1] FATAL BaseClass - thus is fatal message
2026-03-14 18:49:51 [TestNG-test-orangeHRMTest-1] ERROR ActionDriver - actual textInvalid credentialsas well asError messageare not equal
2026-03-14 18:50:08 [TestNG-test-orangeHRMTest-1] ERROR BaseClass - this is error message
2026-03-14 18:50:08 [TestNG-test-orangeHRMTest-1] FATAL BaseClass - thus is fatal message
2026-04-08 07:26:00 [main] ERROR BaseClass - this is error message
2026-04-08 07:26:00 [main] FATAL BaseClass - thus is fatal message
2026-04-08 07:30:45 [main] ERROR BaseClass - this is error message
2026-04-08 07:30:45 [main] FATAL BaseClass - thus is fatal message
2026-04-08 07:33:02 [main] ERROR BaseClass - this is error message
2026-04-08 07:33:02 [main] FATAL BaseClass - thus is fatal message
2026-04-08 07:33:15 [main] ERROR ActionDriver - element not visible:Expected condition failed: waiting for visibility of element located by By.xpath: //span[text()='Admin'] (tried for 10 second(s) with 500 milliseconds interval)
Build info: version: '4.18.0', revision: 'b6bf9de7cc*'
System info: os.name: 'Windows 11', os.arch: 'amd64', os.version: '10.0', java.version: '25.0.1'
Driver info: org.openqa.selenium.chrome.ChromeDriver
Capabilities {acceptInsecureCerts: false, browserName: chrome, browserVersion: 146.0.7680.178, chrome: {chromedriverVersion: 146.0.7680.165 (4b989da09e1..., userDataDir: C:\Users\91708\AppData\Loca...}, fedcm:accounts: true, goog:chromeOptions: {debuggerAddress: localhost:58400}, goog:processID: 14508, networkConnectionEnabled: false, pageLoadStrategy: normal, platformName: windows, proxy: Proxy(), se:cdp: ws://localhost:58400/devtoo..., se:cdpVersion: 146.0.7680.178, setWindowRect: true, strictFileInteractability: false, timeouts: {implicit: 0, pageLoad: 300000, script: 30000}, unhandledPromptBehavior: dismiss and notify, webauthn:extension:credBlob: true, webauthn:extension:largeBlob: true, webauthn:extension:minPinLength: true, webauthn:extension:prf: true, webauthn:virtualAuthenticators: true}
Session ID: 7bc7aa1da31bbab1d1081aee3d986200
2026-04-08 07:33:25 [main] ERROR ActionDriver - not displayed yet:no such element: Unable to locate element: {"method":"xpath","selector":"//span[text()='Admin']"}
  (Session info: chrome=146.0.7680.178)
For documentation on this error, please visit: https://www.selenium.dev/documentation/webdriver/troubleshooting/errors#no-such-element-exception
Build info: version: '4.18.0', revision: 'b6bf9de7cc*'
System info: os.name: 'Windows 11', os.arch: 'amd64', os.version: '10.0', java.version: '25.0.1'
Driver info: org.openqa.selenium.chrome.ChromeDriver
Command: [7bc7aa1da31bbab1d1081aee3d986200, findElement {value=//span[text()='Admin'], using=xpath}]
Capabilities {acceptInsecureCerts: false, browserName: chrome, browserVersion: 146.0.7680.178, chrome: {chromedriverVersion: 146.0.7680.165 (4b989da09e1..., userDataDir: C:\Users\91708\AppData\Loca...}, fedcm:accounts: true, goog:chromeOptions: {debuggerAddress: localhost:58400}, goog:processID: 14508, networkConnectionEnabled: false, pageLoadStrategy: normal, platformName: windows, proxy: Proxy(), se:cdp: ws://localhost:58400/devtoo..., se:cdpVersion: 146.0.7680.178, setWindowRect: true, strictFileInteractability: false, timeouts: {implicit: 0, pageLoad: 300000, script: 30000}, unhandledPromptBehavior: dismiss and notify, webauthn:extension:credBlob: true, webauthn:extension:largeBlob: true, webauthn:extension:minPinLength: true, webauthn:extension:prf: true, webauthn:virtualAuthenticators: true}
Session ID: 7bc7aa1da31bbab1d1081aee3d986200
2026-04-08 07:37:23 [main] ERROR BaseClass - this is error message
2026-04-08 07:37:23 [main] FATAL BaseClass - thus is fatal message
2026-04-08 07:38:54 [TestNG-test-orangeHRMTest-1] ERROR BaseClass - this is error message
2026-04-08 07:38:54 [TestNG-test-orangeHRMTest-1] FATAL BaseClass - thus is fatal message
2026-04-08 07:39:03 [TestNG-test-orangeHRMTest-1] ERROR BaseClass - this is error message
2026-04-08 07:39:03 [TestNG-test-orangeHRMTest-1] FATAL BaseClass - thus is fatal message
2026-04-08 07:39:12 [TestNG-test-orangeHRMTest-1] ERROR BaseClass - this is error message
2026-04-08 07:39:12 [TestNG-test-orangeHRMTest-1] FATAL BaseClass - thus is fatal message
2026-04-08 07:39:14 [TestNG-test-orangeHRMTest-1] ERROR ActionDriver - actual textInvalid credentialsas well asError messageare not equal
2026-04-08 07:39:21 [TestNG-test-orangeHRMTest-1] ERROR BaseClass - this is error message
2026-04-08 07:39:21 [TestNG-test-orangeHRMTest-1] FATAL BaseClass - thus is fatal message
2026-04-11 03:02:41 [main] ERROR BaseClass - this is error message
2026-04-11 03:02:41 [main] FATAL BaseClass - thus is fatal message
2026-04-11 03:03:05 [main] ERROR ActionDriver - unable to locate element:javascript error: scrollIntoView is not defined
  (Session info: chrome=146.0.7680.178)
Build info: version: '4.18.0', revision: 'b6bf9de7cc*'
System info: os.name: 'Windows 11', os.arch: 'amd64', os.version: '10.0', java.version: '25.0.1'
Driver info: org.openqa.selenium.chrome.ChromeDriver
Command: [41df77b4979078b7e3dfca58b15f43f3, executeScript {script=arguments[0],scrollIntoView(true);, args=[{element-6066-11e4-a52e-4f735466cecf=f.B83F6A830679E613971D6B22BFD32D22.d.783027A41732555A464B352D01F1473A.e.73}]}]
Capabilities {acceptInsecureCerts: false, browserName: chrome, browserVersion: 146.0.7680.178, chrome: {chromedriverVersion: 146.0.7680.165 (4b989da09e1..., userDataDir: C:\Users\91708\AppData\Loca...}, fedcm:accounts: true, goog:chromeOptions: {debuggerAddress: localhost:52233}, goog:processID: 23536, networkConnectionEnabled: false, pageLoadStrategy: normal, platformName: windows, proxy: Proxy(), se:cdp: ws://localhost:52233/devtoo..., se:cdpVersion: 146.0.7680.178, setWindowRect: true, strictFileInteractability: false, timeouts: {implicit: 0, pageLoad: 300000, script: 30000}, unhandledPromptBehavior: dismiss and notify, webauthn:extension:credBlob: true, webauthn:extension:largeBlob: true, webauthn:extension:minPinLength: true, webauthn:extension:prf: true, webauthn:virtualAuthenticators: true}
Session ID: 41df77b4979078b7e3dfca58b15f43f3
2026-04-11 03:03:07 [main] ERROR ActionDriver - actual textMayankas well asnull nullare not equal
2026-04-11 03:03:57 [main] ERROR BaseClass - this is error message
2026-04-11 03:03:57 [main] FATAL BaseClass - thus is fatal message
2026-04-11 03:04:16 [main] ERROR ActionDriver - unable to locate element:javascript error: scrollIntoView is not defined
  (Session info: chrome=146.0.7680.178)
Build info: version: '4.18.0', revision: 'b6bf9de7cc*'
System info: os.name: 'Windows 11', os.arch: 'amd64', os.version: '10.0', java.version: '25.0.1'
Driver info: org.openqa.selenium.chrome.ChromeDriver
Command: [0ca1301c5b5129b47a78dc4b0a21e42c, executeScript {args=[{element-6066-11e4-a52e-4f735466cecf=f.2243D1DE7AF7AEC6E126FD8A1EC9599C.d.F6E3BB7B8CEDB4547E36A623FB533899.e.75}], script=arguments[0],scrollIntoView(true);}]
Capabilities {acceptInsecureCerts: false, browserName: chrome, browserVersion: 146.0.7680.178, chrome: {chromedriverVersion: 146.0.7680.165 (4b989da09e1..., userDataDir: C:\Users\91708\AppData\Loca...}, fedcm:accounts: true, goog:chromeOptions: {debuggerAddress: localhost:65417}, goog:processID: 14152, networkConnectionEnabled: false, pageLoadStrategy: normal, platformName: windows, proxy: Proxy(), se:cdp: ws://localhost:65417/devtoo..., se:cdpVersion: 146.0.7680.178, setWindowRect: true, strictFileInteractability: false, timeouts: {implicit: 0, pageLoad: 300000, script: 30000}, unhandledPromptBehavior: dismiss and notify, webauthn:extension:credBlob: true, webauthn:extension:largeBlob: true, webauthn:extension:minPinLength: true, webauthn:extension:prf: true, webauthn:virtualAuthenticators: true}
Session ID: 0ca1301c5b5129b47a78dc4b0a21e42c
2026-04-11 03:04:17 [main] ERROR ActionDriver - actual textMayankas well asnull nullare not equal
2026-04-11 05:23:16 [main] ERROR BaseClass - url not correct:unknown error: net::ERR_CONNECTION_REFUSED
  (Session info: chrome=146.0.7680.178)
Build info: version: '4.18.0', revision: 'b6bf9de7cc*'
System info: os.name: 'Windows 11', os.arch: 'amd64', os.version: '10.0', java.version: '25.0.1'
Driver info: org.openqa.selenium.chrome.ChromeDriver
Command: [4c55ee12c9e521367863ecf7ed67e3b5, get {url=http://localhost/orangehrm/web/index.php/auth/login}]
Capabilities {acceptInsecureCerts: false, browserName: chrome, browserVersion: 146.0.7680.178, chrome: {chromedriverVersion: 146.0.7680.165 (4b989da09e1..., userDataDir: C:\Users\91708\AppData\Loca...}, fedcm:accounts: true, goog:chromeOptions: {debuggerAddress: localhost:53918}, goog:processID: 11012, networkConnectionEnabled: false, pageLoadStrategy: normal, platformName: windows, proxy: Proxy(), se:cdp: ws://localhost:53918/devtoo..., se:cdpVersion: 146.0.7680.178, setWindowRect: true, strictFileInteractability: false, timeouts: {implicit: 0, pageLoad: 300000, script: 30000}, unhandledPromptBehavior: dismiss and notify, webauthn:extension:credBlob: true, webauthn:extension:largeBlob: true, webauthn:extension:minPinLength: true, webauthn:extension:prf: true, webauthn:virtualAuthenticators: true}
Session ID: 4c55ee12c9e521367863ecf7ed67e3b5
2026-04-11 05:23:19 [main] ERROR BaseClass - this is error message
2026-04-11 05:23:19 [main] FATAL BaseClass - thus is fatal message
2026-04-11 05:23:32 [main] ERROR ActionDriver - element not visible:Expected condition failed: waiting for visibility of element located by By.name: username (tried for 10 second(s) with 500 milliseconds interval)
Build info: version: '4.18.0', revision: 'b6bf9de7cc*'
System info: os.name: 'Windows 11', os.arch: 'amd64', os.version: '10.0', java.version: '25.0.1'
Driver info: org.openqa.selenium.chrome.ChromeDriver
Capabilities {acceptInsecureCerts: false, browserName: chrome, browserVersion: 146.0.7680.178, chrome: {chromedriverVersion: 146.0.7680.165 (4b989da09e1..., userDataDir: C:\Users\91708\AppData\Loca...}, fedcm:accounts: true, goog:chromeOptions: {debuggerAddress: localhost:53918}, goog:processID: 11012, networkConnectionEnabled: false, pageLoadStrategy: normal, platformName: windows, proxy: Proxy(), se:cdp: ws://localhost:53918/devtoo..., se:cdpVersion: 146.0.7680.178, setWindowRect: true, strictFileInteractability: false, timeouts: {implicit: 0, pageLoad: 300000, script: 30000}, unhandledPromptBehavior: dismiss and notify, webauthn:extension:credBlob: true, webauthn:extension:largeBlob: true, webauthn:extension:minPinLength: true, webauthn:extension:prf: true, webauthn:virtualAuthenticators: true}
Session ID: 4c55ee12c9e521367863ecf7ed67e3b5
2026-04-11 05:23:42 [main] ERROR ActionDriver - not able to enter:no such element: Unable to locate element: {"method":"css selector","selector":"*[name='username']"}
  (Session info: chrome=146.0.7680.178)
For documentation on this error, please visit: https://www.selenium.dev/documentation/webdriver/troubleshooting/errors#no-such-element-exception
Build info: version: '4.18.0', revision: 'b6bf9de7cc*'
System info: os.name: 'Windows 11', os.arch: 'amd64', os.version: '10.0', java.version: '25.0.1'
Driver info: org.openqa.selenium.chrome.ChromeDriver
Command: [4c55ee12c9e521367863ecf7ed67e3b5, findElement {using=name, value=username}]
Capabilities {acceptInsecureCerts: false, browserName: chrome, browserVersion: 146.0.7680.178, chrome: {chromedriverVersion: 146.0.7680.165 (4b989da09e1..., userDataDir: C:\Users\91708\AppData\Loca...}, fedcm:accounts: true, goog:chromeOptions: {debuggerAddress: localhost:53918}, goog:processID: 11012, networkConnectionEnabled: false, pageLoadStrategy: normal, platformName: windows, proxy: Proxy(), se:cdp: ws://localhost:53918/devtoo..., se:cdpVersion: 146.0.7680.178, setWindowRect: true, strictFileInteractability: false, timeouts: {implicit: 0, pageLoad: 300000, script: 30000}, unhandledPromptBehavior: dismiss and notify, webauthn:extension:credBlob: true, webauthn:extension:largeBlob: true, webauthn:extension:minPinLength: true, webauthn:extension:prf: true, webauthn:virtualAuthenticators: true}
Session ID: 4c55ee12c9e521367863ecf7ed67e3b5
2026-04-11 05:23:52 [main] ERROR ActionDriver - element not visible:Expected condition failed: waiting for visibility of element located by By.name: password (tried for 10 second(s) with 500 milliseconds interval)
Build info: version: '4.18.0', revision: 'b6bf9de7cc*'
System info: os.name: 'Windows 11', os.arch: 'amd64', os.version: '10.0', java.version: '25.0.1'
Driver info: org.openqa.selenium.chrome.ChromeDriver
Capabilities {acceptInsecureCerts: false, browserName: chrome, browserVersion: 146.0.7680.178, chrome: {chromedriverVersion: 146.0.7680.165 (4b989da09e1..., userDataDir: C:\Users\91708\AppData\Loca...}, fedcm:accounts: true, goog:chromeOptions: {debuggerAddress: localhost:53918}, goog:processID: 11012, networkConnectionEnabled: false, pageLoadStrategy: normal, platformName: windows, proxy: Proxy(), se:cdp: ws://localhost:53918/devtoo..., se:cdpVersion: 146.0.7680.178, setWindowRect: true, strictFileInteractability: false, timeouts: {implicit: 0, pageLoad: 300000, script: 30000}, unhandledPromptBehavior: dismiss and notify, webauthn:extension:credBlob: true, webauthn:extension:largeBlob: true, webauthn:extension:minPinLength: true, webauthn:extension:prf: true, webauthn:virtualAuthenticators: true}
Session ID: 4c55ee12c9e521367863ecf7ed67e3b5
2026-04-11 05:24:02 [main] ERROR ActionDriver - not able to enter:no such element: Unable to locate element: {"method":"css selector","selector":"*[name='password']"}
  (Session info: chrome=146.0.7680.178)
For documentation on this error, please visit: https://www.selenium.dev/documentation/webdriver/troubleshooting/errors#no-such-element-exception
Build info: version: '4.18.0', revision: 'b6bf9de7cc*'
System info: os.name: 'Windows 11', os.arch: 'amd64', os.version: '10.0', java.version: '25.0.1'
Driver info: org.openqa.selenium.chrome.ChromeDriver
Command: [4c55ee12c9e521367863ecf7ed67e3b5, findElement {using=name, value=password}]
Capabilities {acceptInsecureCerts: false, browserName: chrome, browserVersion: 146.0.7680.178, chrome: {chromedriverVersion: 146.0.7680.165 (4b989da09e1..., userDataDir: C:\Users\91708\AppData\Loca...}, fedcm:accounts: true, goog:chromeOptions: {debuggerAddress: localhost:53918}, goog:processID: 11012, networkConnectionEnabled: false, pageLoadStrategy: normal, platformName: windows, proxy: Proxy(), se:cdp: ws://localhost:53918/devtoo..., se:cdpVersion: 146.0.7680.178, setWindowRect: true, strictFileInteractability: false, timeouts: {implicit: 0, pageLoad: 300000, script: 30000}, unhandledPromptBehavior: dismiss and notify, webauthn:extension:credBlob: true, webauthn:extension:largeBlob: true, webauthn:extension:minPinLength: true, webauthn:extension:prf: true, webauthn:virtualAuthenticators: true}
Session ID: 4c55ee12c9e521367863ecf7ed67e3b5
2026-04-11 05:25:09 [main] ERROR BaseClass - this is error message
2026-04-11 05:25:09 [main] FATAL BaseClass - thus is fatal message
2026-04-11 05:26:07 [main] ERROR ActionDriver - unable to locate element:javascript error: scrollIntoView is not defined
  (Session info: chrome=146.0.7680.178)
Build info: version: '4.18.0', revision: 'b6bf9de7cc*'
System info: os.name: 'Windows 11', os.arch: 'amd64', os.version: '10.0', java.version: '25.0.1'
Driver info: org.openqa.selenium.chrome.ChromeDriver
Command: [d1ceff59aef571efe15b44b06a2fed70, executeScript {args=[{element-6066-11e4-a52e-4f735466cecf=f.1178B6EDC3C038CFA58A1F37720E941E.d.082EB9285C9A761C5AA342B91D8B492A.e.73}], script=arguments[0],scrollIntoView(true);}]
Capabilities {acceptInsecureCerts: false, browserName: chrome, browserVersion: 146.0.7680.178, chrome: {chromedriverVersion: 146.0.7680.165 (4b989da09e1..., userDataDir: C:\Users\91708\AppData\Loca...}, fedcm:accounts: true, goog:chromeOptions: {debuggerAddress: localhost:64042}, goog:processID: 11532, networkConnectionEnabled: false, pageLoadStrategy: normal, platformName: windows, proxy: Proxy(), se:cdp: ws://localhost:64042/devtoo..., se:cdpVersion: 146.0.7680.178, setWindowRect: true, strictFileInteractability: false, timeouts: {implicit: 0, pageLoad: 300000, script: 30000}, unhandledPromptBehavior: dismiss and notify, webauthn:extension:credBlob: true, webauthn:extension:largeBlob: true, webauthn:extension:minPinLength: true, webauthn:extension:prf: true, webauthn:virtualAuthenticators: true}
Session ID: d1ceff59aef571efe15b44b06a2fed70
2026-04-11 05:26:09 [main] ERROR ActionDriver - actual textMayankas well asnull nullare not equal
2026-04-11 05:30:00 [main] ERROR BaseClass - this is error message
2026-04-11 05:30:00 [main] FATAL BaseClass - thus is fatal message
2026-04-11 05:30:21 [main] ERROR ActionDriver - unable to locate element:javascript error: scrollIntoView is not defined
  (Session info: chrome=146.0.7680.178)
Build info: version: '4.18.0', revision: 'b6bf9de7cc*'
System info: os.name: 'Windows 11', os.arch: 'amd64', os.version: '10.0', java.version: '25.0.1'
Driver info: org.openqa.selenium.chrome.ChromeDriver
Command: [7e262fdbc4d03ea52ecc625da682f321, executeScript {script=arguments[0],scrollIntoView(true);, args=[{element-6066-11e4-a52e-4f735466cecf=f.9A067FA554AD973A4B8E5055F527F437.d.1C5F1D6DAD6AFB920AACD6AC3A711C24.e.75}]}]
Capabilities {acceptInsecureCerts: false, browserName: chrome, browserVersion: 146.0.7680.178, chrome: {chromedriverVersion: 146.0.7680.165 (4b989da09e1..., userDataDir: C:\Users\91708\AppData\Loca...}, fedcm:accounts: true, goog:chromeOptions: {debuggerAddress: localhost:50607}, goog:processID: 24608, networkConnectionEnabled: false, pageLoadStrategy: normal, platformName: windows, proxy: Proxy(), se:cdp: ws://localhost:50607/devtoo..., se:cdpVersion: 146.0.7680.178, setWindowRect: true, strictFileInteractability: false, timeouts: {implicit: 0, pageLoad: 300000, script: 30000}, unhandledPromptBehavior: dismiss and notify, webauthn:extension:credBlob: true, webauthn:extension:largeBlob: true, webauthn:extension:minPinLength: true, webauthn:extension:prf: true, webauthn:virtualAuthenticators: true}
Session ID: 7e262fdbc4d03ea52ecc625da682f321
2026-04-11 05:30:23 [main] ERROR ActionDriver - actual textMayankas well asnull nullare not equal
2026-04-11 05:31:34 [main] ERROR BaseClass - this is error message
2026-04-11 05:31:34 [main] FATAL BaseClass - thus is fatal message
2026-04-11 05:31:52 [main] ERROR ActionDriver - unable to locate element:javascript error: scrollIntoView is not defined
  (Session info: chrome=146.0.7680.178)
Build info: version: '4.18.0', revision: 'b6bf9de7cc*'
System info: os.name: 'Windows 11', os.arch: 'amd64', os.version: '10.0', java.version: '25.0.1'
Driver info: org.openqa.selenium.chrome.ChromeDriver
Command: [9b4b883e126b078e00bec5d2f14b909b, executeScript {script=arguments[0],scrollIntoView(true);, args=[{element-6066-11e4-a52e-4f735466cecf=f.D319552147C41C7A2EF94FC29C2040A4.d.BCD22E95EF350A5DD3E68CF5F2EBA96A.e.73}]}]
Capabilities {acceptInsecureCerts: false, browserName: chrome, browserVersion: 146.0.7680.178, chrome: {chromedriverVersion: 146.0.7680.165 (4b989da09e1..., userDataDir: C:\Users\91708\AppData\Loca...}, fedcm:accounts: true, goog:chromeOptions: {debuggerAddress: localhost:62126}, goog:processID: 21412, networkConnectionEnabled: false, pageLoadStrategy: normal, platformName: windows, proxy: Proxy(), se:cdp: ws://localhost:62126/devtoo..., se:cdpVersion: 146.0.7680.178, setWindowRect: true, strictFileInteractability: false, timeouts: {implicit: 0, pageLoad: 300000, script: 30000}, unhandledPromptBehavior: dismiss and notify, webauthn:extension:credBlob: true, webauthn:extension:largeBlob: true, webauthn:extension:minPinLength: true, webauthn:extension:prf: true, webauthn:virtualAuthenticators: true}
Session ID: 9b4b883e126b078e00bec5d2f14b909b
2026-04-11 05:31:53 [main] ERROR ActionDriver - actual textMayankas well asnull nullare not equal
2026-04-11 05:34:44 [main] ERROR BaseClass - this is error message
2026-04-11 05:34:44 [main] FATAL BaseClass - thus is fatal message
2026-04-11 05:35:05 [main] ERROR ActionDriver - actual textMayankas well asnull nullare not equal
2026-04-11 05:37:35 [main] ERROR BaseClass - this is error message
2026-04-11 05:37:35 [main] FATAL BaseClass - thus is fatal message
2026-04-11 05:37:56 [main] ERROR ActionDriver - actual textMayankas well as are not equal
2026-04-11 05:43:15 [main] ERROR BaseClass - this is error message
2026-04-11 05:43:15 [main] FATAL BaseClass - thus is fatal message
2026-04-11 05:43:30 [main] ERROR ActionDriver - actual textmilan dattanaas well as are not equal
2026-04-11 05:45:10 [main] ERROR BaseClass - this is error message
2026-04-11 05:45:10 [main] FATAL BaseClass - thus is fatal message
2026-04-11 05:45:21 [main] ERROR ActionDriver - actual textmilan dattanaas well asnull nullare not equal
2026-04-11 05:49:22 [main] ERROR BaseClass - this is error message
2026-04-11 05:49:22 [main] FATAL BaseClass - thus is fatal message
2026-04-11 05:49:34 [main] ERROR ActionDriver - actual textMayankas well as are not equal
2026-04-11 05:50:23 [main] ERROR BaseClass - this is error message
2026-04-11 05:50:23 [main] FATAL BaseClass - thus is fatal message
2026-04-11 05:50:33 [main] ERROR ActionDriver - actual textMayankas well as are not equal
2026-04-11 06:02:41 [main] ERROR BaseClass - this is error message
2026-04-11 06:02:41 [main] FATAL BaseClass - thus is fatal message
2026-04-11 06:03:03 [main] ERROR ActionDriver - unable to locate element:no such element: Unable to locate element: {"method":"css selector","selector":".oxd-table-row--clickable>div:nth-child(3)"}
  (Session info: chrome=146.0.7680.178)
For documentation on this error, please visit: https://www.selenium.dev/documentation/webdriver/troubleshooting/errors#no-such-element-exception
Build info: version: '4.18.0', revision: 'b6bf9de7cc*'
System info: os.name: 'Windows 11', os.arch: 'amd64', os.version: '10.0', java.version: '25.0.1'
Driver info: org.openqa.selenium.chrome.ChromeDriver
Command: [ca88b8ff953bd360976a2925eee52ae5, findElement {value=.oxd-table-row--clickable>div:nth-child(3), using=css selector}]
Capabilities {acceptInsecureCerts: false, browserName: chrome, browserVersion: 146.0.7680.178, chrome: {chromedriverVersion: 146.0.7680.165 (4b989da09e1..., userDataDir: C:\Users\91708\AppData\Loca...}, fedcm:accounts: true, goog:chromeOptions: {debuggerAddress: localhost:56180}, goog:processID: 2484, networkConnectionEnabled: false, pageLoadStrategy: normal, platformName: windows, proxy: Proxy(), se:cdp: ws://localhost:56180/devtoo..., se:cdpVersion: 146.0.7680.178, setWindowRect: true, strictFileInteractability: false, timeouts: {implicit: 0, pageLoad: 300000, script: 30000}, unhandledPromptBehavior: dismiss and notify, webauthn:extension:credBlob: true, webauthn:extension:largeBlob: true, webauthn:extension:minPinLength: true, webauthn:extension:prf: true, webauthn:virtualAuthenticators: true}
Session ID: ca88b8ff953bd360976a2925eee52ae5
2026-04-11 06:03:13 [main] ERROR ActionDriver - element not visible:Expected condition failed: waiting for visibility of element located by By.cssSelector: .oxd-table-row--clickable>div:nth-child(3) (tried for 10 second(s) with 500 milliseconds interval)
Build info: version: '4.18.0', revision: 'b6bf9de7cc*'
System info: os.name: 'Windows 11', os.arch: 'amd64', os.version: '10.0', java.version: '25.0.1'
Driver info: org.openqa.selenium.chrome.ChromeDriver
Capabilities {acceptInsecureCerts: false, browserName: chrome, browserVersion: 146.0.7680.178, chrome: {chromedriverVersion: 146.0.7680.165 (4b989da09e1..., userDataDir: C:\Users\91708\AppData\Loca...}, fedcm:accounts: true, goog:chromeOptions: {debuggerAddress: localhost:56180}, goog:processID: 2484, networkConnectionEnabled: false, pageLoadStrategy: normal, platformName: windows, proxy: Proxy(), se:cdp: ws://localhost:56180/devtoo..., se:cdpVersion: 146.0.7680.178, setWindowRect: true, strictFileInteractability: false, timeouts: {implicit: 0, pageLoad: 300000, script: 30000}, unhandledPromptBehavior: dismiss and notify, webauthn:extension:credBlob: true, webauthn:extension:largeBlob: true, webauthn:extension:minPinLength: true, webauthn:extension:prf: true, webauthn:virtualAuthenticators: true}
Session ID: ca88b8ff953bd360976a2925eee52ae5
2026-04-11 06:03:31 [main] ERROR BaseClass - this is error message
2026-04-11 06:03:31 [main] FATAL BaseClass - thus is fatal message
2026-04-11 06:03:44 [main] ERROR ActionDriver - actual textMayankas well as are not equal
2026-04-11 06:04:33 [main] ERROR BaseClass - this is error message
2026-04-11 06:04:33 [main] FATAL BaseClass - thus is fatal message
2026-04-11 06:04:43 [main] ERROR ActionDriver - actual textMayankas well as are not equal
2026-04-11 06:05:09 [main] ERROR BaseClass - this is error message
2026-04-11 06:05:09 [main] FATAL BaseClass - thus is fatal message
2026-04-11 06:05:21 [main] ERROR ActionDriver - actual textMayankas well as are not equal
2026-04-11 06:12:53 [main] ERROR BaseClass - this is error message
2026-04-11 06:12:53 [main] FATAL BaseClass - thus is fatal message
2026-04-11 06:13:04 [main] ERROR ActionDriver - actual textMayankas well as are not equal
2026-04-11 06:13:41 [main] ERROR BaseClass - this is error message
2026-04-11 06:13:41 [main] FATAL BaseClass - thus is fatal message
2026-04-11 06:13:51 [main] ERROR ActionDriver - actual textMayankas well asnull nullare not equal
2026-04-11 06:19:09 [main] ERROR BaseClass - this is error message
2026-04-11 06:19:09 [main] FATAL BaseClass - thus is fatal message
2026-04-11 06:19:20 [main] ERROR ActionDriver - actual textMayankas well asnull nullare not equal
2026-04-11 06:19:39 [main] ERROR BaseClass - this is error message
2026-04-11 06:19:39 [main] FATAL BaseClass - thus is fatal message
2026-04-11 06:19:50 [main] ERROR ActionDriver - actual textMayankas well asnull nullare not equal
2026-04-11 06:21:43 [main] ERROR BaseClass - this is error message
2026-04-11 06:21:43 [main] FATAL BaseClass - thus is fatal message
2026-04-11 06:22:27 [main] ERROR BaseClass - this is error message
2026-04-11 06:22:27 [main] FATAL BaseClass - thus is fatal message
2026-04-26 11:53:06 [TestNG-test-orangeHRMTest-2] ERROR BaseClass - url not correct:unknown error: net::ERR_CONNECTION_REFUSED
  (Session info: chrome=147.0.7727.103)
Build info: version: '4.18.0', revision: 'b6bf9de7cc*'
System info: os.name: 'Windows 11', os.arch: 'amd64', os.version: '10.0', java.version: '25.0.1'
Driver info: org.openqa.selenium.chrome.ChromeDriver
Command: [85d54a0e55beba2dad81bacf373e445c, get {url=http://localhost/orangehrm/web/index.php/auth/login}]
Capabilities {acceptInsecureCerts: false, browserName: chrome, browserVersion: 147.0.7727.103, chrome: {chromedriverVersion: 147.0.7727.117 (474cc805edd..., userDataDir: C:\Users\91708\AppData\Loca...}, fedcm:accounts: true, goog:chromeOptions: {debuggerAddress: localhost:55704}, goog:processID: 13424, networkConnectionEnabled: false, pageLoadStrategy: normal, platformName: windows, proxy: Proxy(), se:cdp: ws://localhost:55704/devtoo..., se:cdpVersion: 147.0.7727.103, setWindowRect: true, strictFileInteractability: false, timeouts: {implicit: 0, pageLoad: 300000, script: 30000}, unhandledPromptBehavior: dismiss and notify, webauthn:extension:credBlob: true, webauthn:extension:largeBlob: true, webauthn:extension:minPinLength: true, webauthn:extension:prf: true, webauthn:virtualAuthenticators: true}
Session ID: 85d54a0e55beba2dad81bacf373e445c
2026-04-26 11:53:07 [TestNG-test-orangeHRMTest-1] ERROR BaseClass - url not correct:unknown error: net::ERR_CONNECTION_REFUSED
  (Session info: chrome=147.0.7727.103)
Build info: version: '4.18.0', revision: 'b6bf9de7cc*'
System info: os.name: 'Windows 11', os.arch: 'amd64', os.version: '10.0', java.version: '25.0.1'
Driver info: org.openqa.selenium.chrome.ChromeDriver
Command: [5af87ed610d58256964c584f4b9a6986, get {url=http://localhost/orangehrm/web/index.php/auth/login}]
Capabilities {acceptInsecureCerts: false, browserName: chrome, browserVersion: 147.0.7727.103, chrome: {chromedriverVersion: 147.0.7727.117 (474cc805edd..., userDataDir: C:\Users\91708\AppData\Loca...}, fedcm:accounts: true, goog:chromeOptions: {debuggerAddress: localhost:61797}, goog:processID: 12056, networkConnectionEnabled: false, pageLoadStrategy: normal, platformName: windows, proxy: Proxy(), se:cdp: ws://localhost:61797/devtoo..., se:cdpVersion: 147.0.7727.103, setWindowRect: true, strictFileInteractability: false, timeouts: {implicit: 0, pageLoad: 300000, script: 30000}, unhandledPromptBehavior: dismiss and notify, webauthn:extension:credBlob: true, webauthn:extension:largeBlob: true, webauthn:extension:minPinLength: true, webauthn:extension:prf: true, webauthn:virtualAuthenticators: true}
Session ID: 5af87ed610d58256964c584f4b9a6986
2026-04-26 11:53:09 [TestNG-test-orangeHRMTest-2] ERROR BaseClass - this is error message
2026-04-26 11:53:09 [TestNG-test-orangeHRMTest-2] FATAL BaseClass - thus is fatal message
2026-04-26 11:53:10 [TestNG-test-orangeHRMTest-1] ERROR BaseClass - this is error message
2026-04-26 11:53:10 [TestNG-test-orangeHRMTest-1] FATAL BaseClass - thus is fatal message
2026-04-26 11:53:16 [TestNG-test-orangeHRMTest-2] ERROR BaseClass - url not correct:unknown error: net::ERR_CONNECTION_REFUSED
  (Session info: chrome=147.0.7727.103)
Build info: version: '4.18.0', revision: 'b6bf9de7cc*'
System info: os.name: 'Windows 11', os.arch: 'amd64', os.version: '10.0', java.version: '25.0.1'
Driver info: org.openqa.selenium.chrome.ChromeDriver
Command: [0a42df0ef382473760d9d5e71ee622d6, get {url=http://localhost/orangehrm/web/index.php/auth/login}]
Capabilities {acceptInsecureCerts: false, browserName: chrome, browserVersion: 147.0.7727.103, chrome: {chromedriverVersion: 147.0.7727.117 (474cc805edd..., userDataDir: C:\Users\91708\AppData\Loca...}, fedcm:accounts: true, goog:chromeOptions: {debuggerAddress: localhost:60288}, goog:processID: 10676, networkConnectionEnabled: false, pageLoadStrategy: normal, platformName: windows, proxy: Proxy(), se:cdp: ws://localhost:60288/devtoo..., se:cdpVersion: 147.0.7727.103, setWindowRect: true, strictFileInteractability: false, timeouts: {implicit: 0, pageLoad: 300000, script: 30000}, unhandledPromptBehavior: dismiss and notify, webauthn:extension:credBlob: true, webauthn:extension:largeBlob: true, webauthn:extension:minPinLength: true, webauthn:extension:prf: true, webauthn:virtualAuthenticators: true}
Session ID: 0a42df0ef382473760d9d5e71ee622d6
2026-04-26 11:53:19 [TestNG-test-orangeHRMTest-2] ERROR BaseClass - this is error message
2026-04-26 11:53:19 [TestNG-test-orangeHRMTest-2] FATAL BaseClass - thus is fatal message
2026-04-26 11:53:20 [TestNG-test-orangeHRMTest-1] ERROR ActionDriver - element not visible:Expected condition failed: waiting for visibility of element located by By.name: username (tried for 10 second(s) with 500 milliseconds interval)
Build info: version: '4.18.0', revision: 'b6bf9de7cc*'
System info: os.name: 'Windows 11', os.arch: 'amd64', os.version: '10.0', java.version: '25.0.1'
Driver info: org.openqa.selenium.chrome.ChromeDriver
Capabilities {acceptInsecureCerts: false, browserName: chrome, browserVersion: 147.0.7727.103, chrome: {chromedriverVersion: 147.0.7727.117 (474cc805edd..., userDataDir: C:\Users\91708\AppData\Loca...}, fedcm:accounts: true, goog:chromeOptions: {debuggerAddress: localhost:61797}, goog:processID: 12056, networkConnectionEnabled: false, pageLoadStrategy: normal, platformName: windows, proxy: Proxy(), se:cdp: ws://localhost:61797/devtoo..., se:cdpVersion: 147.0.7727.103, setWindowRect: true, strictFileInteractability: false, timeouts: {implicit: 0, pageLoad: 300000, script: 30000}, unhandledPromptBehavior: dismiss and notify, webauthn:extension:credBlob: true, webauthn:extension:largeBlob: true, webauthn:extension:minPinLength: true, webauthn:extension:prf: true, webauthn:virtualAuthenticators: true}
Session ID: 5af87ed610d58256964c584f4b9a6986
2026-04-26 11:53:26 [TestNG-test-orangeHRMTest-2] ERROR BaseClass - url not correct:unknown error: net::ERR_CONNECTION_REFUSED
  (Session info: chrome=147.0.7727.103)
Build info: version: '4.18.0', revision: 'b6bf9de7cc*'
System info: os.name: 'Windows 11', os.arch: 'amd64', os.version: '10.0', java.version: '25.0.1'
Driver info: org.openqa.selenium.chrome.ChromeDriver
Command: [c6cb27efb81bf2207aef9ad15c19f22d, get {url=http://localhost/orangehrm/web/index.php/auth/login}]
Capabilities {acceptInsecureCerts: false, browserName: chrome, browserVersion: 147.0.7727.103, chrome: {chromedriverVersion: 147.0.7727.117 (474cc805edd..., userDataDir: C:\Users\91708\AppData\Loca...}, fedcm:accounts: true, goog:chromeOptions: {debuggerAddress: localhost:62056}, goog:processID: 3604, networkConnectionEnabled: false, pageLoadStrategy: normal, platformName: windows, proxy: Proxy(), se:cdp: ws://localhost:62056/devtoo..., se:cdpVersion: 147.0.7727.103, setWindowRect: true, strictFileInteractability: false, timeouts: {implicit: 0, pageLoad: 300000, script: 30000}, unhandledPromptBehavior: dismiss and notify, webauthn:extension:credBlob: true, webauthn:extension:largeBlob: true, webauthn:extension:minPinLength: true, webauthn:extension:prf: true, webauthn:virtualAuthenticators: true}
Session ID: c6cb27efb81bf2207aef9ad15c19f22d
2026-04-26 11:53:29 [TestNG-test-orangeHRMTest-2] ERROR BaseClass - this is error message
2026-04-26 11:53:29 [TestNG-test-orangeHRMTest-2] FATAL BaseClass - thus is fatal message
2026-04-26 11:53:30 [TestNG-test-orangeHRMTest-1] ERROR ActionDriver - not able to enter:no such element: Unable to locate element: {"method":"css selector","selector":"*[name='username']"}
  (Session info: chrome=147.0.7727.103)
For documentation on this error, please visit: https://www.selenium.dev/documentation/webdriver/troubleshooting/errors#no-such-element-exception
Build info: version: '4.18.0', revision: 'b6bf9de7cc*'
System info: os.name: 'Windows 11', os.arch: 'amd64', os.version: '10.0', java.version: '25.0.1'
Driver info: org.openqa.selenium.chrome.ChromeDriver
Command: [5af87ed610d58256964c584f4b9a6986, findElement {value=username, using=name}]
Capabilities {acceptInsecureCerts: false, browserName: chrome, browserVersion: 147.0.7727.103, chrome: {chromedriverVersion: 147.0.7727.117 (474cc805edd..., userDataDir: C:\Users\91708\AppData\Loca...}, fedcm:accounts: true, goog:chromeOptions: {debuggerAddress: localhost:61797}, goog:processID: 12056, networkConnectionEnabled: false, pageLoadStrategy: normal, platformName: windows, proxy: Proxy(), se:cdp: ws://localhost:61797/devtoo..., se:cdpVersion: 147.0.7727.103, setWindowRect: true, strictFileInteractability: false, timeouts: {implicit: 0, pageLoad: 300000, script: 30000}, unhandledPromptBehavior: dismiss and notify, webauthn:extension:credBlob: true, webauthn:extension:largeBlob: true, webauthn:extension:minPinLength: true, webauthn:extension:prf: true, webauthn:virtualAuthenticators: true}
Session ID: 5af87ed610d58256964c584f4b9a6986
2026-04-26 11:53:39 [TestNG-test-orangeHRMTest-2] ERROR ActionDriver - element not visible:Expected condition failed: waiting for visibility of element located by By.name: username (tried for 10 second(s) with 500 milliseconds interval)
Build info: version: '4.18.0', revision: 'b6bf9de7cc*'
System info: os.name: 'Windows 11', os.arch: 'amd64', os.version: '10.0', java.version: '25.0.1'
Driver info: org.openqa.selenium.chrome.ChromeDriver
Capabilities {acceptInsecureCerts: false, browserName: chrome, browserVersion: 147.0.7727.103, chrome: {chromedriverVersion: 147.0.7727.117 (474cc805edd..., userDataDir: C:\Users\91708\AppData\Loca...}, fedcm:accounts: true, goog:chromeOptions: {debuggerAddress: localhost:62056}, goog:processID: 3604, networkConnectionEnabled: false, pageLoadStrategy: normal, platformName: windows, proxy: Proxy(), se:cdp: ws://localhost:62056/devtoo..., se:cdpVersion: 147.0.7727.103, setWindowRect: true, strictFileInteractability: false, timeouts: {implicit: 0, pageLoad: 300000, script: 30000}, unhandledPromptBehavior: dismiss and notify, webauthn:extension:credBlob: true, webauthn:extension:largeBlob: true, webauthn:extension:minPinLength: true, webauthn:extension:prf: true, webauthn:virtualAuthenticators: true}
Session ID: c6cb27efb81bf2207aef9ad15c19f22d
2026-04-26 11:53:40 [TestNG-test-orangeHRMTest-1] ERROR ActionDriver - element not visible:Expected condition failed: waiting for visibility of element located by By.name: password (tried for 10 second(s) with 500 milliseconds interval)
Build info: version: '4.18.0', revision: 'b6bf9de7cc*'
System info: os.name: 'Windows 11', os.arch: 'amd64', os.version: '10.0', java.version: '25.0.1'
Driver info: org.openqa.selenium.chrome.ChromeDriver
Capabilities {acceptInsecureCerts: false, browserName: chrome, browserVersion: 147.0.7727.103, chrome: {chromedriverVersion: 147.0.7727.117 (474cc805edd..., userDataDir: C:\Users\91708\AppData\Loca...}, fedcm:accounts: true, goog:chromeOptions: {debuggerAddress: localhost:61797}, goog:processID: 12056, networkConnectionEnabled: false, pageLoadStrategy: normal, platformName: windows, proxy: Proxy(), se:cdp: ws://localhost:61797/devtoo..., se:cdpVersion: 147.0.7727.103, setWindowRect: true, strictFileInteractability: false, timeouts: {implicit: 0, pageLoad: 300000, script: 30000}, unhandledPromptBehavior: dismiss and notify, webauthn:extension:credBlob: true, webauthn:extension:largeBlob: true, webauthn:extension:minPinLength: true, webauthn:extension:prf: true, webauthn:virtualAuthenticators: true}
Session ID: 5af87ed610d58256964c584f4b9a6986
2026-04-26 11:53:49 [TestNG-test-orangeHRMTest-2] ERROR ActionDriver - not able to enter:no such element: Unable to locate element: {"method":"css selector","selector":"*[name='username']"}
  (Session info: chrome=147.0.7727.103)
For documentation on this error, please visit: https://www.selenium.dev/documentation/webdriver/troubleshooting/errors#no-such-element-exception
Build info: version: '4.18.0', revision: 'b6bf9de7cc*'
System info: os.name: 'Windows 11', os.arch: 'amd64', os.version: '10.0', java.version: '25.0.1'
Driver info: org.openqa.selenium.chrome.ChromeDriver
Command: [c6cb27efb81bf2207aef9ad15c19f22d, findElement {value=username, using=name}]
Capabilities {acceptInsecureCerts: false, browserName: chrome, browserVersion: 147.0.7727.103, chrome: {chromedriverVersion: 147.0.7727.117 (474cc805edd..., userDataDir: C:\Users\91708\AppData\Loca...}, fedcm:accounts: true, goog:chromeOptions: {debuggerAddress: localhost:62056}, goog:processID: 3604, networkConnectionEnabled: false, pageLoadStrategy: normal, platformName: windows, proxy: Proxy(), se:cdp: ws://localhost:62056/devtoo..., se:cdpVersion: 147.0.7727.103, setWindowRect: true, strictFileInteractability: false, timeouts: {implicit: 0, pageLoad: 300000, script: 30000}, unhandledPromptBehavior: dismiss and notify, webauthn:extension:credBlob: true, webauthn:extension:largeBlob: true, webauthn:extension:minPinLength: true, webauthn:extension:prf: true, webauthn:virtualAuthenticators: true}
Session ID: c6cb27efb81bf2207aef9ad15c19f22d
2026-04-26 11:53:50 [TestNG-test-orangeHRMTest-1] ERROR ActionDriver - not able to enter:no such element: Unable to locate element: {"method":"css selector","selector":"*[name='password']"}
  (Session info: chrome=147.0.7727.103)
For documentation on this error, please visit: https://www.selenium.dev/documentation/webdriver/troubleshooting/errors#no-such-element-exception
Build info: version: '4.18.0', revision: 'b6bf9de7cc*'
System info: os.name: 'Windows 11', os.arch: 'amd64', os.version: '10.0', java.version: '25.0.1'
Driver info: org.openqa.selenium.chrome.ChromeDriver
Command: [5af87ed610d58256964c584f4b9a6986, findElement {value=password, using=name}]
Capabilities {acceptInsecureCerts: false, browserName: chrome, browserVersion: 147.0.7727.103, chrome: {chromedriverVersion: 147.0.7727.117 (474cc805edd..., userDataDir: C:\Users\91708\AppData\Loca...}, fedcm:accounts: true, goog:chromeOptions: {debuggerAddress: localhost:61797}, goog:processID: 12056, networkConnectionEnabled: false, pageLoadStrategy: normal, platformName: windows, proxy: Proxy(), se:cdp: ws://localhost:61797/devtoo..., se:cdpVersion: 147.0.7727.103, setWindowRect: true, strictFileInteractability: false, timeouts: {implicit: 0, pageLoad: 300000, script: 30000}, unhandledPromptBehavior: dismiss and notify, webauthn:extension:credBlob: true, webauthn:extension:largeBlob: true, webauthn:extension:minPinLength: true, webauthn:extension:prf: true, webauthn:virtualAuthenticators: true}
Session ID: 5af87ed610d58256964c584f4b9a6986
2026-04-26 11:53:59 [TestNG-test-orangeHRMTest-2] ERROR ActionDriver - element not visible:Expected condition failed: waiting for visibility of element located by By.name: password (tried for 10 second(s) with 500 milliseconds interval)
Build info: version: '4.18.0', revision: 'b6bf9de7cc*'
System info: os.name: 'Windows 11', os.arch: 'amd64', os.version: '10.0', java.version: '25.0.1'
Driver info: org.openqa.selenium.chrome.ChromeDriver
Capabilities {acceptInsecureCerts: false, browserName: chrome, browserVersion: 147.0.7727.103, chrome: {chromedriverVersion: 147.0.7727.117 (474cc805edd..., userDataDir: C:\Users\91708\AppData\Loca...}, fedcm:accounts: true, goog:chromeOptions: {debuggerAddress: localhost:62056}, goog:processID: 3604, networkConnectionEnabled: false, pageLoadStrategy: normal, platformName: windows, proxy: Proxy(), se:cdp: ws://localhost:62056/devtoo..., se:cdpVersion: 147.0.7727.103, setWindowRect: true, strictFileInteractability: false, timeouts: {implicit: 0, pageLoad: 300000, script: 30000}, unhandledPromptBehavior: dismiss and notify, webauthn:extension:credBlob: true, webauthn:extension:largeBlob: true, webauthn:extension:minPinLength: true, webauthn:extension:prf: true, webauthn:virtualAuthenticators: true}
Session ID: c6cb27efb81bf2207aef9ad15c19f22d
2026-04-26 11:54:03 [TestNG-test-orangeHRMTest-1] ERROR ActionDriver - element not visible:Expected condition failed: waiting for visibility of element located by By.xpath: //p[text()='Invalid credentials'] (tried for 10 second(s) with 500 milliseconds interval)
Build info: version: '4.18.0', revision: 'b6bf9de7cc*'
System info: os.name: 'Windows 11', os.arch: 'amd64', os.version: '10.0', java.version: '25.0.1'
Driver info: org.openqa.selenium.chrome.ChromeDriver
Capabilities {acceptInsecureCerts: false, browserName: chrome, browserVersion: 147.0.7727.103, chrome: {chromedriverVersion: 147.0.7727.117 (474cc805edd..., userDataDir: C:\Users\91708\AppData\Loca...}, fedcm:accounts: true, goog:chromeOptions: {debuggerAddress: localhost:61797}, goog:processID: 12056, networkConnectionEnabled: false, pageLoadStrategy: normal, platformName: windows, proxy: Proxy(), se:cdp: ws://localhost:61797/devtoo..., se:cdpVersion: 147.0.7727.103, setWindowRect: true, strictFileInteractability: false, timeouts: {implicit: 0, pageLoad: 300000, script: 30000}, unhandledPromptBehavior: dismiss and notify, webauthn:extension:credBlob: true, webauthn:extension:largeBlob: true, webauthn:extension:minPinLength: true, webauthn:extension:prf: true, webauthn:virtualAuthenticators: true}
Session ID: 5af87ed610d58256964c584f4b9a6986
2026-04-26 11:54:09 [TestNG-test-orangeHRMTest-2] ERROR ActionDriver - not able to enter:no such element: Unable to locate element: {"method":"css selector","selector":"*[name='password']"}
  (Session info: chrome=147.0.7727.103)
For documentation on this error, please visit: https://www.selenium.dev/documentation/webdriver/troubleshooting/errors#no-such-element-exception
Build info: version: '4.18.0', revision: 'b6bf9de7cc*'
System info: os.name: 'Windows 11', os.arch: 'amd64', os.version: '10.0', java.version: '25.0.1'
Driver info: org.openqa.selenium.chrome.ChromeDriver
Command: [c6cb27efb81bf2207aef9ad15c19f22d, findElement {value=password, using=name}]
Capabilities {acceptInsecureCerts: false, browserName: chrome, browserVersion: 147.0.7727.103, chrome: {chromedriverVersion: 147.0.7727.117 (474cc805edd..., userDataDir: C:\Users\91708\AppData\Loca...}, fedcm:accounts: true, goog:chromeOptions: {debuggerAddress: localhost:62056}, goog:processID: 3604, networkConnectionEnabled: false, pageLoadStrategy: normal, platformName: windows, proxy: Proxy(), se:cdp: ws://localhost:62056/devtoo..., se:cdpVersion: 147.0.7727.103, setWindowRect: true, strictFileInteractability: false, timeouts: {implicit: 0, pageLoad: 300000, script: 30000}, unhandledPromptBehavior: dismiss and notify, webauthn:extension:credBlob: true, webauthn:extension:largeBlob: true, webauthn:extension:minPinLength: true, webauthn:extension:prf: true, webauthn:virtualAuthenticators: true}
Session ID: c6cb27efb81bf2207aef9ad15c19f22d
2026-04-26 11:54:13 [TestNG-test-orangeHRMTest-1] ERROR ActionDriver - not displayed yet:no such element: Unable to locate element: {"method":"xpath","selector":"//p[text()='Invalid credentials']"}
  (Session info: chrome=147.0.7727.103)
For documentation on this error, please visit: https://www.selenium.dev/documentation/webdriver/troubleshooting/errors#no-such-element-exception
Build info: version: '4.18.0', revision: 'b6bf9de7cc*'
System info: os.name: 'Windows 11', os.arch: 'amd64', os.version: '10.0', java.version: '25.0.1'
Driver info: org.openqa.selenium.chrome.ChromeDriver
Command: [5af87ed610d58256964c584f4b9a6986, findElement {value=//p[text()='Invalid credentials'], using=xpath}]
Capabilities {acceptInsecureCerts: false, browserName: chrome, browserVersion: 147.0.7727.103, chrome: {chromedriverVersion: 147.0.7727.117 (474cc805edd..., userDataDir: C:\Users\91708\AppData\Loca...}, fedcm:accounts: true, goog:chromeOptions: {debuggerAddress: localhost:61797}, goog:processID: 12056, networkConnectionEnabled: false, pageLoadStrategy: normal, platformName: windows, proxy: Proxy(), se:cdp: ws://localhost:61797/devtoo..., se:cdpVersion: 147.0.7727.103, setWindowRect: true, strictFileInteractability: false, timeouts: {implicit: 0, pageLoad: 300000, script: 30000}, unhandledPromptBehavior: dismiss and notify, webauthn:extension:credBlob: true, webauthn:extension:largeBlob: true, webauthn:extension:minPinLength: true, webauthn:extension:prf: true, webauthn:virtualAuthenticators: true}
Session ID: 5af87ed610d58256964c584f4b9a6986
2026-04-26 11:54:30 [TestNG-test-orangeHRMTest-1] ERROR BaseClass - url not correct:unknown error: net::ERR_CONNECTION_REFUSED
  (Session info: chrome=147.0.7727.103)
Build info: version: '4.18.0', revision: 'b6bf9de7cc*'
System info: os.name: 'Windows 11', os.arch: 'amd64', os.version: '10.0', java.version: '25.0.1'
Driver info: org.openqa.selenium.chrome.ChromeDriver
Command: [0b9a64210f0473d65f24488862155fe4, get {url=http://localhost/orangehrm/web/index.php/auth/login}]
Capabilities {acceptInsecureCerts: false, browserName: chrome, browserVersion: 147.0.7727.103, chrome: {chromedriverVersion: 147.0.7727.117 (474cc805edd..., userDataDir: C:\Users\91708\AppData\Loca...}, fedcm:accounts: true, goog:chromeOptions: {debuggerAddress: localhost:54791}, goog:processID: 24244, networkConnectionEnabled: false, pageLoadStrategy: normal, platformName: windows, proxy: Proxy(), se:cdp: ws://localhost:54791/devtoo..., se:cdpVersion: 147.0.7727.103, setWindowRect: true, strictFileInteractability: false, timeouts: {implicit: 0, pageLoad: 300000, script: 30000}, unhandledPromptBehavior: dismiss and notify, webauthn:extension:credBlob: true, webauthn:extension:largeBlob: true, webauthn:extension:minPinLength: true, webauthn:extension:prf: true, webauthn:virtualAuthenticators: true}
Session ID: 0b9a64210f0473d65f24488862155fe4
2026-04-26 11:54:33 [TestNG-test-orangeHRMTest-1] ERROR BaseClass - this is error message
2026-04-26 11:54:33 [TestNG-test-orangeHRMTest-1] FATAL BaseClass - thus is fatal message
2026-04-26 11:54:43 [TestNG-test-orangeHRMTest-1] ERROR ActionDriver - element not visible:Expected condition failed: waiting for visibility of element located by By.name: username (tried for 10 second(s) with 500 milliseconds interval)
Build info: version: '4.18.0', revision: 'b6bf9de7cc*'
System info: os.name: 'Windows 11', os.arch: 'amd64', os.version: '10.0', java.version: '25.0.1'
Driver info: org.openqa.selenium.chrome.ChromeDriver
Capabilities {acceptInsecureCerts: false, browserName: chrome, browserVersion: 147.0.7727.103, chrome: {chromedriverVersion: 147.0.7727.117 (474cc805edd..., userDataDir: C:\Users\91708\AppData\Loca...}, fedcm:accounts: true, goog:chromeOptions: {debuggerAddress: localhost:54791}, goog:processID: 24244, networkConnectionEnabled: false, pageLoadStrategy: normal, platformName: windows, proxy: Proxy(), se:cdp: ws://localhost:54791/devtoo..., se:cdpVersion: 147.0.7727.103, setWindowRect: true, strictFileInteractability: false, timeouts: {implicit: 0, pageLoad: 300000, script: 30000}, unhandledPromptBehavior: dismiss and notify, webauthn:extension:credBlob: true, webauthn:extension:largeBlob: true, webauthn:extension:minPinLength: true, webauthn:extension:prf: true, webauthn:virtualAuthenticators: true}
Session ID: 0b9a64210f0473d65f24488862155fe4
2026-04-26 11:54:53 [TestNG-test-orangeHRMTest-1] ERROR ActionDriver - not able to enter:no such element: Unable to locate element: {"method":"css selector","selector":"*[name='username']"}
  (Session info: chrome=147.0.7727.103)
For documentation on this error, please visit: https://www.selenium.dev/documentation/webdriver/troubleshooting/errors#no-such-element-exception
Build info: version: '4.18.0', revision: 'b6bf9de7cc*'
System info: os.name: 'Windows 11', os.arch: 'amd64', os.version: '10.0', java.version: '25.0.1'
Driver info: org.openqa.selenium.chrome.ChromeDriver
Command: [0b9a64210f0473d65f24488862155fe4, findElement {value=username, using=name}]
Capabilities {acceptInsecureCerts: false, browserName: chrome, browserVersion: 147.0.7727.103, chrome: {chromedriverVersion: 147.0.7727.117 (474cc805edd..., userDataDir: C:\Users\91708\AppData\Loca...}, fedcm:accounts: true, goog:chromeOptions: {debuggerAddress: localhost:54791}, goog:processID: 24244, networkConnectionEnabled: false, pageLoadStrategy: normal, platformName: windows, proxy: Proxy(), se:cdp: ws://localhost:54791/devtoo..., se:cdpVersion: 147.0.7727.103, setWindowRect: true, strictFileInteractability: false, timeouts: {implicit: 0, pageLoad: 300000, script: 30000}, unhandledPromptBehavior: dismiss and notify, webauthn:extension:credBlob: true, webauthn:extension:largeBlob: true, webauthn:extension:minPinLength: true, webauthn:extension:prf: true, webauthn:virtualAuthenticators: true}
Session ID: 0b9a64210f0473d65f24488862155fe4
2026-04-26 11:55:03 [TestNG-test-orangeHRMTest-1] ERROR ActionDriver - element not visible:Expected condition failed: waiting for visibility of element located by By.name: password (tried for 10 second(s) with 500 milliseconds interval)
Build info: version: '4.18.0', revision: 'b6bf9de7cc*'
System info: os.name: 'Windows 11', os.arch: 'amd64', os.version: '10.0', java.version: '25.0.1'
Driver info: org.openqa.selenium.chrome.ChromeDriver
Capabilities {acceptInsecureCerts: false, browserName: chrome, browserVersion: 147.0.7727.103, chrome: {chromedriverVersion: 147.0.7727.117 (474cc805edd..., userDataDir: C:\Users\91708\AppData\Loca...}, fedcm:accounts: true, goog:chromeOptions: {debuggerAddress: localhost:54791}, goog:processID: 24244, networkConnectionEnabled: false, pageLoadStrategy: normal, platformName: windows, proxy: Proxy(), se:cdp: ws://localhost:54791/devtoo..., se:cdpVersion: 147.0.7727.103, setWindowRect: true, strictFileInteractability: false, timeouts: {implicit: 0, pageLoad: 300000, script: 30000}, unhandledPromptBehavior: dismiss and notify, webauthn:extension:credBlob: true, webauthn:extension:largeBlob: true, webauthn:extension:minPinLength: true, webauthn:extension:prf: true, webauthn:virtualAuthenticators: true}
Session ID: 0b9a64210f0473d65f24488862155fe4
2026-04-26 11:55:13 [TestNG-test-orangeHRMTest-1] ERROR ActionDriver - not able to enter:no such element: Unable to locate element: {"method":"css selector","selector":"*[name='password']"}
  (Session info: chrome=147.0.7727.103)
For documentation on this error, please visit: https://www.selenium.dev/documentation/webdriver/troubleshooting/errors#no-such-element-exception
Build info: version: '4.18.0', revision: 'b6bf9de7cc*'
System info: os.name: 'Windows 11', os.arch: 'amd64', os.version: '10.0', java.version: '25.0.1'
Driver info: org.openqa.selenium.chrome.ChromeDriver
Command: [0b9a64210f0473d65f24488862155fe4, findElement {value=password, using=name}]
Capabilities {acceptInsecureCerts: false, browserName: chrome, browserVersion: 147.0.7727.103, chrome: {chromedriverVersion: 147.0.7727.117 (474cc805edd..., userDataDir: C:\Users\91708\AppData\Loca...}, fedcm:accounts: true, goog:chromeOptions: {debuggerAddress: localhost:54791}, goog:processID: 24244, networkConnectionEnabled: false, pageLoadStrategy: normal, platformName: windows, proxy: Proxy(), se:cdp: ws://localhost:54791/devtoo..., se:cdpVersion: 147.0.7727.103, setWindowRect: true, strictFileInteractability: false, timeouts: {implicit: 0, pageLoad: 300000, script: 30000}, unhandledPromptBehavior: dismiss and notify, webauthn:extension:credBlob: true, webauthn:extension:largeBlob: true, webauthn:extension:minPinLength: true, webauthn:extension:prf: true, webauthn:virtualAuthenticators: true}
Session ID: 0b9a64210f0473d65f24488862155fe4
2026-04-26 11:55:25 [TestNG-test-orangeHRMTest-1] ERROR ActionDriver - element not visible:Expected condition failed: waiting for visibility of element located by By.xpath: //p[text()='Invalid credentials'] (tried for 10 second(s) with 500 milliseconds interval)
Build info: version: '4.18.0', revision: 'b6bf9de7cc*'
System info: os.name: 'Windows 11', os.arch: 'amd64', os.version: '10.0', java.version: '25.0.1'
Driver info: org.openqa.selenium.chrome.ChromeDriver
Capabilities {acceptInsecureCerts: false, browserName: chrome, browserVersion: 147.0.7727.103, chrome: {chromedriverVersion: 147.0.7727.117 (474cc805edd..., userDataDir: C:\Users\91708\AppData\Loca...}, fedcm:accounts: true, goog:chromeOptions: {debuggerAddress: localhost:54791}, goog:processID: 24244, networkConnectionEnabled: false, pageLoadStrategy: normal, platformName: windows, proxy: Proxy(), se:cdp: ws://localhost:54791/devtoo..., se:cdpVersion: 147.0.7727.103, setWindowRect: true, strictFileInteractability: false, timeouts: {implicit: 0, pageLoad: 300000, script: 30000}, unhandledPromptBehavior: dismiss and notify, webauthn:extension:credBlob: true, webauthn:extension:largeBlob: true, webauthn:extension:minPinLength: true, webauthn:extension:prf: true, webauthn:virtualAuthenticators: true}
Session ID: 0b9a64210f0473d65f24488862155fe4
2026-04-26 11:55:35 [TestNG-test-orangeHRMTest-1] ERROR ActionDriver - not displayed yet:no such element: Unable to locate element: {"method":"xpath","selector":"//p[text()='Invalid credentials']"}
  (Session info: chrome=147.0.7727.103)
For documentation on this error, please visit: https://www.selenium.dev/documentation/webdriver/troubleshooting/errors#no-such-element-exception
Build info: version: '4.18.0', revision: 'b6bf9de7cc*'
System info: os.name: 'Windows 11', os.arch: 'amd64', os.version: '10.0', java.version: '25.0.1'
Driver info: org.openqa.selenium.chrome.ChromeDriver
Command: [0b9a64210f0473d65f24488862155fe4, findElement {value=//p[text()='Invalid credentials'], using=xpath}]
Capabilities {acceptInsecureCerts: false, browserName: chrome, browserVersion: 147.0.7727.103, chrome: {chromedriverVersion: 147.0.7727.117 (474cc805edd..., userDataDir: C:\Users\91708\AppData\Loca...}, fedcm:accounts: true, goog:chromeOptions: {debuggerAddress: localhost:54791}, goog:processID: 24244, networkConnectionEnabled: false, pageLoadStrategy: normal, platformName: windows, proxy: Proxy(), se:cdp: ws://localhost:54791/devtoo..., se:cdpVersion: 147.0.7727.103, setWindowRect: true, strictFileInteractability: false, timeouts: {implicit: 0, pageLoad: 300000, script: 30000}, unhandledPromptBehavior: dismiss and notify, webauthn:extension:credBlob: true, webauthn:extension:largeBlob: true, webauthn:extension:minPinLength: true, webauthn:extension:prf: true, webauthn:virtualAuthenticators: true}
Session ID: 0b9a64210f0473d65f24488862155fe4
2026-04-26 11:55:55 [TestNG-test-orangeHRMTest-1] ERROR BaseClass - url not correct:unknown error: net::ERR_CONNECTION_REFUSED
  (Session info: chrome=147.0.7727.103)
Build info: version: '4.18.0', revision: 'b6bf9de7cc*'
System info: os.name: 'Windows 11', os.arch: 'amd64', os.version: '10.0', java.version: '25.0.1'
Driver info: org.openqa.selenium.chrome.ChromeDriver
Command: [09792d69886bc8de6f0e7af9fc6af687, get {url=http://localhost/orangehrm/web/index.php/auth/login}]
Capabilities {acceptInsecureCerts: false, browserName: chrome, browserVersion: 147.0.7727.103, chrome: {chromedriverVersion: 147.0.7727.117 (474cc805edd..., userDataDir: C:\Users\91708\AppData\Loca...}, fedcm:accounts: true, goog:chromeOptions: {debuggerAddress: localhost:62410}, goog:processID: 4100, networkConnectionEnabled: false, pageLoadStrategy: normal, platformName: windows, proxy: Proxy(), se:cdp: ws://localhost:62410/devtoo..., se:cdpVersion: 147.0.7727.103, setWindowRect: true, strictFileInteractability: false, timeouts: {implicit: 0, pageLoad: 300000, script: 30000}, unhandledPromptBehavior: dismiss and notify, webauthn:extension:credBlob: true, webauthn:extension:largeBlob: true, webauthn:extension:minPinLength: true, webauthn:extension:prf: true, webauthn:virtualAuthenticators: true}
Session ID: 09792d69886bc8de6f0e7af9fc6af687
2026-04-26 11:55:58 [TestNG-test-orangeHRMTest-1] ERROR BaseClass - this is error message
2026-04-26 11:55:58 [TestNG-test-orangeHRMTest-1] FATAL BaseClass - thus is fatal message
2026-04-26 11:56:08 [TestNG-test-orangeHRMTest-1] ERROR ActionDriver - element not visible:Expected condition failed: waiting for visibility of element located by By.name: username (tried for 10 second(s) with 500 milliseconds interval)
Build info: version: '4.18.0', revision: 'b6bf9de7cc*'
System info: os.name: 'Windows 11', os.arch: 'amd64', os.version: '10.0', java.version: '25.0.1'
Driver info: org.openqa.selenium.chrome.ChromeDriver
Capabilities {acceptInsecureCerts: false, browserName: chrome, browserVersion: 147.0.7727.103, chrome: {chromedriverVersion: 147.0.7727.117 (474cc805edd..., userDataDir: C:\Users\91708\AppData\Loca...}, fedcm:accounts: true, goog:chromeOptions: {debuggerAddress: localhost:62410}, goog:processID: 4100, networkConnectionEnabled: false, pageLoadStrategy: normal, platformName: windows, proxy: Proxy(), se:cdp: ws://localhost:62410/devtoo..., se:cdpVersion: 147.0.7727.103, setWindowRect: true, strictFileInteractability: false, timeouts: {implicit: 0, pageLoad: 300000, script: 30000}, unhandledPromptBehavior: dismiss and notify, webauthn:extension:credBlob: true, webauthn:extension:largeBlob: true, webauthn:extension:minPinLength: true, webauthn:extension:prf: true, webauthn:virtualAuthenticators: true}
Session ID: 09792d69886bc8de6f0e7af9fc6af687
2026-04-26 11:56:18 [TestNG-test-orangeHRMTest-1] ERROR ActionDriver - not able to enter:no such element: Unable to locate element: {"method":"css selector","selector":"*[name='username']"}
  (Session info: chrome=147.0.7727.103)
For documentation on this error, please visit: https://www.selenium.dev/documentation/webdriver/troubleshooting/errors#no-such-element-exception
Build info: version: '4.18.0', revision: 'b6bf9de7cc*'
System info: os.name: 'Windows 11', os.arch: 'amd64', os.version: '10.0', java.version: '25.0.1'
Driver info: org.openqa.selenium.chrome.ChromeDriver
Command: [09792d69886bc8de6f0e7af9fc6af687, findElement {value=username, using=name}]
Capabilities {acceptInsecureCerts: false, browserName: chrome, browserVersion: 147.0.7727.103, chrome: {chromedriverVersion: 147.0.7727.117 (474cc805edd..., userDataDir: C:\Users\91708\AppData\Loca...}, fedcm:accounts: true, goog:chromeOptions: {debuggerAddress: localhost:62410}, goog:processID: 4100, networkConnectionEnabled: false, pageLoadStrategy: normal, platformName: windows, proxy: Proxy(), se:cdp: ws://localhost:62410/devtoo..., se:cdpVersion: 147.0.7727.103, setWindowRect: true, strictFileInteractability: false, timeouts: {implicit: 0, pageLoad: 300000, script: 30000}, unhandledPromptBehavior: dismiss and notify, webauthn:extension:credBlob: true, webauthn:extension:largeBlob: true, webauthn:extension:minPinLength: true, webauthn:extension:prf: true, webauthn:virtualAuthenticators: true}
Session ID: 09792d69886bc8de6f0e7af9fc6af687
2026-04-26 11:56:28 [TestNG-test-orangeHRMTest-1] ERROR ActionDriver - element not visible:Expected condition failed: waiting for visibility of element located by By.name: password (tried for 10 second(s) with 500 milliseconds interval)
Build info: version: '4.18.0', revision: 'b6bf9de7cc*'
System info: os.name: 'Windows 11', os.arch: 'amd64', os.version: '10.0', java.version: '25.0.1'
Driver info: org.openqa.selenium.chrome.ChromeDriver
Capabilities {acceptInsecureCerts: false, browserName: chrome, browserVersion: 147.0.7727.103, chrome: {chromedriverVersion: 147.0.7727.117 (474cc805edd..., userDataDir: C:\Users\91708\AppData\Loca...}, fedcm:accounts: true, goog:chromeOptions: {debuggerAddress: localhost:62410}, goog:processID: 4100, networkConnectionEnabled: false, pageLoadStrategy: normal, platformName: windows, proxy: Proxy(), se:cdp: ws://localhost:62410/devtoo..., se:cdpVersion: 147.0.7727.103, setWindowRect: true, strictFileInteractability: false, timeouts: {implicit: 0, pageLoad: 300000, script: 30000}, unhandledPromptBehavior: dismiss and notify, webauthn:extension:credBlob: true, webauthn:extension:largeBlob: true, webauthn:extension:minPinLength: true, webauthn:extension:prf: true, webauthn:virtualAuthenticators: true}
Session ID: 09792d69886bc8de6f0e7af9fc6af687
2026-04-26 11:56:38 [TestNG-test-orangeHRMTest-1] ERROR ActionDriver - not able to enter:no such element: Unable to locate element: {"method":"css selector","selector":"*[name='password']"}
  (Session info: chrome=147.0.7727.103)
For documentation on this error, please visit: https://www.selenium.dev/documentation/webdriver/troubleshooting/errors#no-such-element-exception
Build info: version: '4.18.0', revision: 'b6bf9de7cc*'
System info: os.name: 'Windows 11', os.arch: 'amd64', os.version: '10.0', java.version: '25.0.1'
Driver info: org.openqa.selenium.chrome.ChromeDriver
Command: [09792d69886bc8de6f0e7af9fc6af687, findElement {value=password, using=name}]
Capabilities {acceptInsecureCerts: false, browserName: chrome, browserVersion: 147.0.7727.103, chrome: {chromedriverVersion: 147.0.7727.117 (474cc805edd..., userDataDir: C:\Users\91708\AppData\Loca...}, fedcm:accounts: true, goog:chromeOptions: {debuggerAddress: localhost:62410}, goog:processID: 4100, networkConnectionEnabled: false, pageLoadStrategy: normal, platformName: windows, proxy: Proxy(), se:cdp: ws://localhost:62410/devtoo..., se:cdpVersion: 147.0.7727.103, setWindowRect: true, strictFileInteractability: false, timeouts: {implicit: 0, pageLoad: 300000, script: 30000}, unhandledPromptBehavior: dismiss and notify, webauthn:extension:credBlob: true, webauthn:extension:largeBlob: true, webauthn:extension:minPinLength: true, webauthn:extension:prf: true, webauthn:virtualAuthenticators: true}
Session ID: 09792d69886bc8de6f0e7af9fc6af687
2026-04-26 11:56:51 [TestNG-test-orangeHRMTest-1] ERROR ActionDriver - element not visible:Expected condition failed: waiting for visibility of element located by By.xpath: //p[text()='Invalid credentials'] (tried for 10 second(s) with 500 milliseconds interval)
Build info: version: '4.18.0', revision: 'b6bf9de7cc*'
System info: os.name: 'Windows 11', os.arch: 'amd64', os.version: '10.0', java.version: '25.0.1'
Driver info: org.openqa.selenium.chrome.ChromeDriver
Capabilities {acceptInsecureCerts: false, browserName: chrome, browserVersion: 147.0.7727.103, chrome: {chromedriverVersion: 147.0.7727.117 (474cc805edd..., userDataDir: C:\Users\91708\AppData\Loca...}, fedcm:accounts: true, goog:chromeOptions: {debuggerAddress: localhost:62410}, goog:processID: 4100, networkConnectionEnabled: false, pageLoadStrategy: normal, platformName: windows, proxy: Proxy(), se:cdp: ws://localhost:62410/devtoo..., se:cdpVersion: 147.0.7727.103, setWindowRect: true, strictFileInteractability: false, timeouts: {implicit: 0, pageLoad: 300000, script: 30000}, unhandledPromptBehavior: dismiss and notify, webauthn:extension:credBlob: true, webauthn:extension:largeBlob: true, webauthn:extension:minPinLength: true, webauthn:extension:prf: true, webauthn:virtualAuthenticators: true}
Session ID: 09792d69886bc8de6f0e7af9fc6af687
2026-04-26 11:57:01 [TestNG-test-orangeHRMTest-1] ERROR ActionDriver - this stringError messageis not equalno such element: Unable to locate element: {"method":"xpath","selector":"//p[text()='Invalid credentials']"}
  (Session info: chrome=147.0.7727.103)
For documentation on this error, please visit: https://www.selenium.dev/documentation/webdriver/troubleshooting/errors#no-such-element-exception
Build info: version: '4.18.0', revision: 'b6bf9de7cc*'
System info: os.name: 'Windows 11', os.arch: 'amd64', os.version: '10.0', java.version: '25.0.1'
Driver info: org.openqa.selenium.chrome.ChromeDriver
Command: [09792d69886bc8de6f0e7af9fc6af687, findElement {value=//p[text()='Invalid credentials'], using=xpath}]
Capabilities {acceptInsecureCerts: false, browserName: chrome, browserVersion: 147.0.7727.103, chrome: {chromedriverVersion: 147.0.7727.117 (474cc805edd..., userDataDir: C:\Users\91708\AppData\Loca...}, fedcm:accounts: true, goog:chromeOptions: {debuggerAddress: localhost:62410}, goog:processID: 4100, networkConnectionEnabled: false, pageLoadStrategy: normal, platformName: windows, proxy: Proxy(), se:cdp: ws://localhost:62410/devtoo..., se:cdpVersion: 147.0.7727.103, setWindowRect: true, strictFileInteractability: false, timeouts: {implicit: 0, pageLoad: 300000, script: 30000}, unhandledPromptBehavior: dismiss and notify, webauthn:extension:credBlob: true, webauthn:extension:largeBlob: true, webauthn:extension:minPinLength: true, webauthn:extension:prf: true, webauthn:virtualAuthenticators: true}
Session ID: 09792d69886bc8de6f0e7af9fc6af687
2026-04-26 11:57:08 [TestNG-test-orangeHRMTest-1] ERROR BaseClass - url not correct:unknown error: net::ERR_CONNECTION_REFUSED
  (Session info: chrome=147.0.7727.103)
Build info: version: '4.18.0', revision: 'b6bf9de7cc*'
System info: os.name: 'Windows 11', os.arch: 'amd64', os.version: '10.0', java.version: '25.0.1'
Driver info: org.openqa.selenium.chrome.ChromeDriver
Command: [8149bb89f851dfd1f72e88d2c8a0957e, get {url=http://localhost/orangehrm/web/index.php/auth/login}]
Capabilities {acceptInsecureCerts: false, browserName: chrome, browserVersion: 147.0.7727.103, chrome: {chromedriverVersion: 147.0.7727.117 (474cc805edd..., userDataDir: C:\Users\91708\AppData\Loca...}, fedcm:accounts: true, goog:chromeOptions: {debuggerAddress: localhost:61709}, goog:processID: 5176, networkConnectionEnabled: false, pageLoadStrategy: normal, platformName: windows, proxy: Proxy(), se:cdp: ws://localhost:61709/devtoo..., se:cdpVersion: 147.0.7727.103, setWindowRect: true, strictFileInteractability: false, timeouts: {implicit: 0, pageLoad: 300000, script: 30000}, unhandledPromptBehavior: dismiss and notify, webauthn:extension:credBlob: true, webauthn:extension:largeBlob: true, webauthn:extension:minPinLength: true, webauthn:extension:prf: true, webauthn:virtualAuthenticators: true}
Session ID: 8149bb89f851dfd1f72e88d2c8a0957e
2026-04-26 11:57:11 [TestNG-test-orangeHRMTest-1] ERROR BaseClass - this is error message
2026-04-26 11:57:11 [TestNG-test-orangeHRMTest-1] FATAL BaseClass - thus is fatal message
2026-04-26 11:57:21 [TestNG-test-orangeHRMTest-1] ERROR ActionDriver - element not visible:Expected condition failed: waiting for visibility of element located by By.name: username (tried for 10 second(s) with 500 milliseconds interval)
Build info: version: '4.18.0', revision: 'b6bf9de7cc*'
System info: os.name: 'Windows 11', os.arch: 'amd64', os.version: '10.0', java.version: '25.0.1'
Driver info: org.openqa.selenium.chrome.ChromeDriver
Capabilities {acceptInsecureCerts: false, browserName: chrome, browserVersion: 147.0.7727.103, chrome: {chromedriverVersion: 147.0.7727.117 (474cc805edd..., userDataDir: C:\Users\91708\AppData\Loca...}, fedcm:accounts: true, goog:chromeOptions: {debuggerAddress: localhost:61709}, goog:processID: 5176, networkConnectionEnabled: false, pageLoadStrategy: normal, platformName: windows, proxy: Proxy(), se:cdp: ws://localhost:61709/devtoo..., se:cdpVersion: 147.0.7727.103, setWindowRect: true, strictFileInteractability: false, timeouts: {implicit: 0, pageLoad: 300000, script: 30000}, unhandledPromptBehavior: dismiss and notify, webauthn:extension:credBlob: true, webauthn:extension:largeBlob: true, webauthn:extension:minPinLength: true, webauthn:extension:prf: true, webauthn:virtualAuthenticators: true}
Session ID: 8149bb89f851dfd1f72e88d2c8a0957e
2026-04-26 11:57:31 [TestNG-test-orangeHRMTest-1] ERROR ActionDriver - not able to enter:no such element: Unable to locate element: {"method":"css selector","selector":"*[name='username']"}
  (Session info: chrome=147.0.7727.103)
For documentation on this error, please visit: https://www.selenium.dev/documentation/webdriver/troubleshooting/errors#no-such-element-exception
Build info: version: '4.18.0', revision: 'b6bf9de7cc*'
System info: os.name: 'Windows 11', os.arch: 'amd64', os.version: '10.0', java.version: '25.0.1'
Driver info: org.openqa.selenium.chrome.ChromeDriver
Command: [8149bb89f851dfd1f72e88d2c8a0957e, findElement {value=username, using=name}]
Capabilities {acceptInsecureCerts: false, browserName: chrome, browserVersion: 147.0.7727.103, chrome: {chromedriverVersion: 147.0.7727.117 (474cc805edd..., userDataDir: C:\Users\91708\AppData\Loca...}, fedcm:accounts: true, goog:chromeOptions: {debuggerAddress: localhost:61709}, goog:processID: 5176, networkConnectionEnabled: false, pageLoadStrategy: normal, platformName: windows, proxy: Proxy(), se:cdp: ws://localhost:61709/devtoo..., se:cdpVersion: 147.0.7727.103, setWindowRect: true, strictFileInteractability: false, timeouts: {implicit: 0, pageLoad: 300000, script: 30000}, unhandledPromptBehavior: dismiss and notify, webauthn:extension:credBlob: true, webauthn:extension:largeBlob: true, webauthn:extension:minPinLength: true, webauthn:extension:prf: true, webauthn:virtualAuthenticators: true}
Session ID: 8149bb89f851dfd1f72e88d2c8a0957e
2026-04-26 11:57:41 [TestNG-test-orangeHRMTest-1] ERROR ActionDriver - element not visible:Expected condition failed: waiting for visibility of element located by By.name: password (tried for 10 second(s) with 500 milliseconds interval)
Build info: version: '4.18.0', revision: 'b6bf9de7cc*'
System info: os.name: 'Windows 11', os.arch: 'amd64', os.version: '10.0', java.version: '25.0.1'
Driver info: org.openqa.selenium.chrome.ChromeDriver
Capabilities {acceptInsecureCerts: false, browserName: chrome, browserVersion: 147.0.7727.103, chrome: {chromedriverVersion: 147.0.7727.117 (474cc805edd..., userDataDir: C:\Users\91708\AppData\Loca...}, fedcm:accounts: true, goog:chromeOptions: {debuggerAddress: localhost:61709}, goog:processID: 5176, networkConnectionEnabled: false, pageLoadStrategy: normal, platformName: windows, proxy: Proxy(), se:cdp: ws://localhost:61709/devtoo..., se:cdpVersion: 147.0.7727.103, setWindowRect: true, strictFileInteractability: false, timeouts: {implicit: 0, pageLoad: 300000, script: 30000}, unhandledPromptBehavior: dismiss and notify, webauthn:extension:credBlob: true, webauthn:extension:largeBlob: true, webauthn:extension:minPinLength: true, webauthn:extension:prf: true, webauthn:virtualAuthenticators: true}
Session ID: 8149bb89f851dfd1f72e88d2c8a0957e
2026-04-26 11:57:51 [TestNG-test-orangeHRMTest-1] ERROR ActionDriver - not able to enter:no such element: Unable to locate element: {"method":"css selector","selector":"*[name='password']"}
  (Session info: chrome=147.0.7727.103)
For documentation on this error, please visit: https://www.selenium.dev/documentation/webdriver/troubleshooting/errors#no-such-element-exception
Build info: version: '4.18.0', revision: 'b6bf9de7cc*'
System info: os.name: 'Windows 11', os.arch: 'amd64', os.version: '10.0', java.version: '25.0.1'
Driver info: org.openqa.selenium.chrome.ChromeDriver
Command: [8149bb89f851dfd1f72e88d2c8a0957e, findElement {value=password, using=name}]
Capabilities {acceptInsecureCerts: false, browserName: chrome, browserVersion: 147.0.7727.103, chrome: {chromedriverVersion: 147.0.7727.117 (474cc805edd..., userDataDir: C:\Users\91708\AppData\Loca...}, fedcm:accounts: true, goog:chromeOptions: {debuggerAddress: localhost:61709}, goog:processID: 5176, networkConnectionEnabled: false, pageLoadStrategy: normal, platformName: windows, proxy: Proxy(), se:cdp: ws://localhost:61709/devtoo..., se:cdpVersion: 147.0.7727.103, setWindowRect: true, strictFileInteractability: false, timeouts: {implicit: 0, pageLoad: 300000, script: 30000}, unhandledPromptBehavior: dismiss and notify, webauthn:extension:credBlob: true, webauthn:extension:largeBlob: true, webauthn:extension:minPinLength: true, webauthn:extension:prf: true, webauthn:virtualAuthenticators: true}
Session ID: 8149bb89f851dfd1f72e88d2c8a0957e
2026-04-26 11:58:04 [TestNG-test-orangeHRMTest-1] ERROR ActionDriver - element not visible:Expected condition failed: waiting for visibility of element located by By.xpath: //span[text()='Admin'] (tried for 10 second(s) with 500 milliseconds interval)
Build info: version: '4.18.0', revision: 'b6bf9de7cc*'
System info: os.name: 'Windows 11', os.arch: 'amd64', os.version: '10.0', java.version: '25.0.1'
Driver info: org.openqa.selenium.chrome.ChromeDriver
Capabilities {acceptInsecureCerts: false, browserName: chrome, browserVersion: 147.0.7727.103, chrome: {chromedriverVersion: 147.0.7727.117 (474cc805edd..., userDataDir: C:\Users\91708\AppData\Loca...}, fedcm:accounts: true, goog:chromeOptions: {debuggerAddress: localhost:61709}, goog:processID: 5176, networkConnectionEnabled: false, pageLoadStrategy: normal, platformName: windows, proxy: Proxy(), se:cdp: ws://localhost:61709/devtoo..., se:cdpVersion: 147.0.7727.103, setWindowRect: true, strictFileInteractability: false, timeouts: {implicit: 0, pageLoad: 300000, script: 30000}, unhandledPromptBehavior: dismiss and notify, webauthn:extension:credBlob: true, webauthn:extension:largeBlob: true, webauthn:extension:minPinLength: true, webauthn:extension:prf: true, webauthn:virtualAuthenticators: true}
Session ID: 8149bb89f851dfd1f72e88d2c8a0957e
2026-04-26 11:58:14 [TestNG-test-orangeHRMTest-1] ERROR ActionDriver - not displayed yet:no such element: Unable to locate element: {"method":"xpath","selector":"//span[text()='Admin']"}
  (Session info: chrome=147.0.7727.103)
For documentation on this error, please visit: https://www.selenium.dev/documentation/webdriver/troubleshooting/errors#no-such-element-exception
Build info: version: '4.18.0', revision: 'b6bf9de7cc*'
System info: os.name: 'Windows 11', os.arch: 'amd64', os.version: '10.0', java.version: '25.0.1'
Driver info: org.openqa.selenium.chrome.ChromeDriver
Command: [8149bb89f851dfd1f72e88d2c8a0957e, findElement {value=//span[text()='Admin'], using=xpath}]
Capabilities {acceptInsecureCerts: false, browserName: chrome, browserVersion: 147.0.7727.103, chrome: {chromedriverVersion: 147.0.7727.117 (474cc805edd..., userDataDir: C:\Users\91708\AppData\Loca...}, fedcm:accounts: true, goog:chromeOptions: {debuggerAddress: localhost:61709}, goog:processID: 5176, networkConnectionEnabled: false, pageLoadStrategy: normal, platformName: windows, proxy: Proxy(), se:cdp: ws://localhost:61709/devtoo..., se:cdpVersion: 147.0.7727.103, setWindowRect: true, strictFileInteractability: false, timeouts: {implicit: 0, pageLoad: 300000, script: 30000}, unhandledPromptBehavior: dismiss and notify, webauthn:extension:credBlob: true, webauthn:extension:largeBlob: true, webauthn:extension:minPinLength: true, webauthn:extension:prf: true, webauthn:virtualAuthenticators: true}
Session ID: 8149bb89f851dfd1f72e88d2c8a0957e
2026-04-26 12:00:50 [TestNG-test-orangeHRMTest-1] ERROR BaseClass - this is error message
2026-04-26 12:00:50 [TestNG-test-orangeHRMTest-2] ERROR BaseClass - this is error message
2026-04-26 12:00:50 [TestNG-test-orangeHRMTest-1] FATAL BaseClass - thus is fatal message
2026-04-26 12:00:50 [TestNG-test-orangeHRMTest-2] FATAL BaseClass - thus is fatal message
2026-04-26 12:01:00 [TestNG-test-orangeHRMTest-1] ERROR ActionDriver - element not visible:Expected condition failed: waiting for visibility of element located by By.name: username (tried for 10 second(s) with 500 milliseconds interval)
Build info: version: '4.18.0', revision: 'b6bf9de7cc*'
System info: os.name: 'Windows 11', os.arch: 'amd64', os.version: '10.0', java.version: '25.0.1'
Driver info: org.openqa.selenium.chrome.ChromeDriver
Capabilities {acceptInsecureCerts: false, browserName: chrome, browserVersion: 147.0.7727.103, chrome: {chromedriverVersion: 147.0.7727.117 (474cc805edd..., userDataDir: C:\Users\91708\AppData\Loca...}, fedcm:accounts: true, goog:chromeOptions: {debuggerAddress: localhost:63160}, goog:processID: 18740, networkConnectionEnabled: false, pageLoadStrategy: normal, platformName: windows, proxy: Proxy(), se:cdp: ws://localhost:63160/devtoo..., se:cdpVersion: 147.0.7727.103, setWindowRect: true, strictFileInteractability: false, timeouts: {implicit: 0, pageLoad: 300000, script: 30000}, unhandledPromptBehavior: dismiss and notify, webauthn:extension:credBlob: true, webauthn:extension:largeBlob: true, webauthn:extension:minPinLength: true, webauthn:extension:prf: true, webauthn:virtualAuthenticators: true}
Session ID: b33f859110c153c19fa8d54d64155dd7
2026-04-26 12:01:06 [TestNG-test-orangeHRMTest-2] ERROR BaseClass - this is error message
2026-04-26 12:01:06 [TestNG-test-orangeHRMTest-2] FATAL BaseClass - thus is fatal message
2026-04-26 12:01:10 [TestNG-test-orangeHRMTest-1] ERROR ActionDriver - not able to enter:no such element: Unable to locate element: {"method":"css selector","selector":"*[name='username']"}
  (Session info: chrome=147.0.7727.103)
For documentation on this error, please visit: https://www.selenium.dev/documentation/webdriver/troubleshooting/errors#no-such-element-exception
Build info: version: '4.18.0', revision: 'b6bf9de7cc*'
System info: os.name: 'Windows 11', os.arch: 'amd64', os.version: '10.0', java.version: '25.0.1'
Driver info: org.openqa.selenium.chrome.ChromeDriver
Command: [b33f859110c153c19fa8d54d64155dd7, findElement {value=username, using=name}]
Capabilities {acceptInsecureCerts: false, browserName: chrome, browserVersion: 147.0.7727.103, chrome: {chromedriverVersion: 147.0.7727.117 (474cc805edd..., userDataDir: C:\Users\91708\AppData\Loca...}, fedcm:accounts: true, goog:chromeOptions: {debuggerAddress: localhost:63160}, goog:processID: 18740, networkConnectionEnabled: false, pageLoadStrategy: normal, platformName: windows, proxy: Proxy(), se:cdp: ws://localhost:63160/devtoo..., se:cdpVersion: 147.0.7727.103, setWindowRect: true, strictFileInteractability: false, timeouts: {implicit: 0, pageLoad: 300000, script: 30000}, unhandledPromptBehavior: dismiss and notify, webauthn:extension:credBlob: true, webauthn:extension:largeBlob: true, webauthn:extension:minPinLength: true, webauthn:extension:prf: true, webauthn:virtualAuthenticators: true}
Session ID: b33f859110c153c19fa8d54d64155dd7
2026-04-26 12:01:20 [TestNG-test-orangeHRMTest-1] ERROR ActionDriver - element not visible:Expected condition failed: waiting for visibility of element located by By.name: password (tried for 10 second(s) with 500 milliseconds interval)
Build info: version: '4.18.0', revision: 'b6bf9de7cc*'
System info: os.name: 'Windows 11', os.arch: 'amd64', os.version: '10.0', java.version: '25.0.1'
Driver info: org.openqa.selenium.chrome.ChromeDriver
Capabilities {acceptInsecureCerts: false, browserName: chrome, browserVersion: 147.0.7727.103, chrome: {chromedriverVersion: 147.0.7727.117 (474cc805edd..., userDataDir: C:\Users\91708\AppData\Loca...}, fedcm:accounts: true, goog:chromeOptions: {debuggerAddress: localhost:63160}, goog:processID: 18740, networkConnectionEnabled: false, pageLoadStrategy: normal, platformName: windows, proxy: Proxy(), se:cdp: ws://localhost:63160/devtoo..., se:cdpVersion: 147.0.7727.103, setWindowRect: true, strictFileInteractability: false, timeouts: {implicit: 0, pageLoad: 300000, script: 30000}, unhandledPromptBehavior: dismiss and notify, webauthn:extension:credBlob: true, webauthn:extension:largeBlob: true, webauthn:extension:minPinLength: true, webauthn:extension:prf: true, webauthn:virtualAuthenticators: true}
Session ID: b33f859110c153c19fa8d54d64155dd7
2026-04-26 12:01:44 [TestNG-test-orangeHRMTest-1] ERROR BaseClass - this is error message
2026-04-26 12:01:44 [TestNG-test-orangeHRMTest-1] FATAL BaseClass - thus is fatal message
2026-04-26 12:01:46 [TestNG-test-orangeHRMTest-2] ERROR BaseClass - this is error message
2026-04-26 12:01:46 [TestNG-test-orangeHRMTest-2] FATAL BaseClass - thus is fatal message
2026-04-26 12:01:54 [TestNG-test-orangeHRMTest-1] ERROR ActionDriver - element not visible:Expected condition failed: waiting for visibility of element located by By.name: username (tried for 10 second(s) with 500 milliseconds interval)
Build info: version: '4.18.0', revision: 'b6bf9de7cc*'
System info: os.name: 'Windows 11', os.arch: 'amd64', os.version: '10.0', java.version: '25.0.1'
Driver info: org.openqa.selenium.chrome.ChromeDriver
Capabilities {acceptInsecureCerts: false, browserName: chrome, browserVersion: 147.0.7727.103, chrome: {chromedriverVersion: 147.0.7727.117 (474cc805edd..., userDataDir: C:\Users\91708\AppData\Loca...}, fedcm:accounts: true, goog:chromeOptions: {debuggerAddress: localhost:64348}, goog:processID: 23944, networkConnectionEnabled: false, pageLoadStrategy: normal, platformName: windows, proxy: Proxy(), se:cdp: ws://localhost:64348/devtoo..., se:cdpVersion: 147.0.7727.103, setWindowRect: true, strictFileInteractability: false, timeouts: {implicit: 0, pageLoad: 300000, script: 30000}, unhandledPromptBehavior: dismiss and notify, webauthn:extension:credBlob: true, webauthn:extension:largeBlob: true, webauthn:extension:minPinLength: true, webauthn:extension:prf: true, webauthn:virtualAuthenticators: true}
Session ID: f088b18f492fe5cd64c610f27b056fdf
2026-04-26 12:02:01 [TestNG-test-orangeHRMTest-2] ERROR BaseClass - this is error message
2026-04-26 12:02:01 [TestNG-test-orangeHRMTest-2] FATAL BaseClass - thus is fatal message
2026-04-26 12:02:04 [TestNG-test-orangeHRMTest-1] ERROR ActionDriver - not able to enter:no such element: Unable to locate element: {"method":"css selector","selector":"*[name='username']"}
  (Session info: chrome=147.0.7727.103)
For documentation on this error, please visit: https://www.selenium.dev/documentation/webdriver/troubleshooting/errors#no-such-element-exception
Build info: version: '4.18.0', revision: 'b6bf9de7cc*'
System info: os.name: 'Windows 11', os.arch: 'amd64', os.version: '10.0', java.version: '25.0.1'
Driver info: org.openqa.selenium.chrome.ChromeDriver
Command: [f088b18f492fe5cd64c610f27b056fdf, findElement {value=username, using=name}]
Capabilities {acceptInsecureCerts: false, browserName: chrome, browserVersion: 147.0.7727.103, chrome: {chromedriverVersion: 147.0.7727.117 (474cc805edd..., userDataDir: C:\Users\91708\AppData\Loca...}, fedcm:accounts: true, goog:chromeOptions: {debuggerAddress: localhost:64348}, goog:processID: 23944, networkConnectionEnabled: false, pageLoadStrategy: normal, platformName: windows, proxy: Proxy(), se:cdp: ws://localhost:64348/devtoo..., se:cdpVersion: 147.0.7727.103, setWindowRect: true, strictFileInteractability: false, timeouts: {implicit: 0, pageLoad: 300000, script: 30000}, unhandledPromptBehavior: dismiss and notify, webauthn:extension:credBlob: true, webauthn:extension:largeBlob: true, webauthn:extension:minPinLength: true, webauthn:extension:prf: true, webauthn:virtualAuthenticators: true}
Session ID: f088b18f492fe5cd64c610f27b056fdf
2026-04-26 12:02:14 [TestNG-test-orangeHRMTest-1] ERROR ActionDriver - element not visible:Expected condition failed: waiting for visibility of element located by By.name: password (tried for 10 second(s) with 500 milliseconds interval)
Build info: version: '4.18.0', revision: 'b6bf9de7cc*'
System info: os.name: 'Windows 11', os.arch: 'amd64', os.version: '10.0', java.version: '25.0.1'
Driver info: org.openqa.selenium.chrome.ChromeDriver
Capabilities {acceptInsecureCerts: false, browserName: chrome, browserVersion: 147.0.7727.103, chrome: {chromedriverVersion: 147.0.7727.117 (474cc805edd..., userDataDir: C:\Users\91708\AppData\Loca...}, fedcm:accounts: true, goog:chromeOptions: {debuggerAddress: localhost:64348}, goog:processID: 23944, networkConnectionEnabled: false, pageLoadStrategy: normal, platformName: windows, proxy: Proxy(), se:cdp: ws://localhost:64348/devtoo..., se:cdpVersion: 147.0.7727.103, setWindowRect: true, strictFileInteractability: false, timeouts: {implicit: 0, pageLoad: 300000, script: 30000}, unhandledPromptBehavior: dismiss and notify, webauthn:extension:credBlob: true, webauthn:extension:largeBlob: true, webauthn:extension:minPinLength: true, webauthn:extension:prf: true, webauthn:virtualAuthenticators: true}
Session ID: f088b18f492fe5cd64c610f27b056fdf
2026-04-26 12:02:15 [TestNG-test-orangeHRMTest-2] ERROR BaseClass - this is error message
2026-04-26 12:02:15 [TestNG-test-orangeHRMTest-2] FATAL BaseClass - thus is fatal message
2026-04-26 12:02:24 [TestNG-test-orangeHRMTest-1] ERROR ActionDriver - not able to enter:no such element: Unable to locate element: {"method":"css selector","selector":"*[name='password']"}
  (Session info: chrome=147.0.7727.103)
For documentation on this error, please visit: https://www.selenium.dev/documentation/webdriver/troubleshooting/errors#no-such-element-exception
Build info: version: '4.18.0', revision: 'b6bf9de7cc*'
System info: os.name: 'Windows 11', os.arch: 'amd64', os.version: '10.0', java.version: '25.0.1'
Driver info: org.openqa.selenium.chrome.ChromeDriver
Command: [f088b18f492fe5cd64c610f27b056fdf, findElement {value=password, using=name}]
Capabilities {acceptInsecureCerts: false, browserName: chrome, browserVersion: 147.0.7727.103, chrome: {chromedriverVersion: 147.0.7727.117 (474cc805edd..., userDataDir: C:\Users\91708\AppData\Loca...}, fedcm:accounts: true, goog:chromeOptions: {debuggerAddress: localhost:64348}, goog:processID: 23944, networkConnectionEnabled: false, pageLoadStrategy: normal, platformName: windows, proxy: Proxy(), se:cdp: ws://localhost:64348/devtoo..., se:cdpVersion: 147.0.7727.103, setWindowRect: true, strictFileInteractability: false, timeouts: {implicit: 0, pageLoad: 300000, script: 30000}, unhandledPromptBehavior: dismiss and notify, webauthn:extension:credBlob: true, webauthn:extension:largeBlob: true, webauthn:extension:minPinLength: true, webauthn:extension:prf: true, webauthn:virtualAuthenticators: true}
Session ID: f088b18f492fe5cd64c610f27b056fdf
2026-04-26 12:02:25 [TestNG-test-orangeHRMTest-2] ERROR ActionDriver - element not visible:Expected condition failed: waiting for visibility of element located by By.name: username (tried for 10 second(s) with 500 milliseconds interval)
Build info: version: '4.18.0', revision: 'b6bf9de7cc*'
System info: os.name: 'Windows 11', os.arch: 'amd64', os.version: '10.0', java.version: '25.0.1'
Driver info: org.openqa.selenium.chrome.ChromeDriver
Capabilities {acceptInsecureCerts: false, browserName: chrome, browserVersion: 147.0.7727.103, chrome: {chromedriverVersion: 147.0.7727.117 (474cc805edd..., userDataDir: C:\Users\91708\AppData\Loca...}, fedcm:accounts: true, goog:chromeOptions: {debuggerAddress: localhost:65523}, goog:processID: 14192, networkConnectionEnabled: false, pageLoadStrategy: normal, platformName: windows, proxy: Proxy(), se:cdp: ws://localhost:65523/devtoo..., se:cdpVersion: 147.0.7727.103, setWindowRect: true, strictFileInteractability: false, timeouts: {implicit: 0, pageLoad: 300000, script: 30000}, unhandledPromptBehavior: dismiss and notify, webauthn:extension:credBlob: true, webauthn:extension:largeBlob: true, webauthn:extension:minPinLength: true, webauthn:extension:prf: true, webauthn:virtualAuthenticators: true}
Session ID: 0db2ecec737b4446657e1ad0fa75116c
2026-04-26 12:02:35 [TestNG-test-orangeHRMTest-2] ERROR ActionDriver - not able to enter:no such element: Unable to locate element: {"method":"css selector","selector":"*[name='username']"}
  (Session info: chrome=147.0.7727.103)
For documentation on this error, please visit: https://www.selenium.dev/documentation/webdriver/troubleshooting/errors#no-such-element-exception
Build info: version: '4.18.0', revision: 'b6bf9de7cc*'
System info: os.name: 'Windows 11', os.arch: 'amd64', os.version: '10.0', java.version: '25.0.1'
Driver info: org.openqa.selenium.chrome.ChromeDriver
Command: [0db2ecec737b4446657e1ad0fa75116c, findElement {value=username, using=name}]
Capabilities {acceptInsecureCerts: false, browserName: chrome, browserVersion: 147.0.7727.103, chrome: {chromedriverVersion: 147.0.7727.117 (474cc805edd..., userDataDir: C:\Users\91708\AppData\Loca...}, fedcm:accounts: true, goog:chromeOptions: {debuggerAddress: localhost:65523}, goog:processID: 14192, networkConnectionEnabled: false, pageLoadStrategy: normal, platformName: windows, proxy: Proxy(), se:cdp: ws://localhost:65523/devtoo..., se:cdpVersion: 147.0.7727.103, setWindowRect: true, strictFileInteractability: false, timeouts: {implicit: 0, pageLoad: 300000, script: 30000}, unhandledPromptBehavior: dismiss and notify, webauthn:extension:credBlob: true, webauthn:extension:largeBlob: true, webauthn:extension:minPinLength: true, webauthn:extension:prf: true, webauthn:virtualAuthenticators: true}
Session ID: 0db2ecec737b4446657e1ad0fa75116c
2026-04-26 12:02:45 [TestNG-test-orangeHRMTest-2] ERROR ActionDriver - element not visible:Expected condition failed: waiting for visibility of element located by By.name: password (tried for 10 second(s) with 500 milliseconds interval)
Build info: version: '4.18.0', revision: 'b6bf9de7cc*'
System info: os.name: 'Windows 11', os.arch: 'amd64', os.version: '10.0', java.version: '25.0.1'
Driver info: org.openqa.selenium.chrome.ChromeDriver
Capabilities {acceptInsecureCerts: false, browserName: chrome, browserVersion: 147.0.7727.103, chrome: {chromedriverVersion: 147.0.7727.117 (474cc805edd..., userDataDir: C:\Users\91708\AppData\Loca...}, fedcm:accounts: true, goog:chromeOptions: {debuggerAddress: localhost:65523}, goog:processID: 14192, networkConnectionEnabled: false, pageLoadStrategy: normal, platformName: windows, proxy: Proxy(), se:cdp: ws://localhost:65523/devtoo..., se:cdpVersion: 147.0.7727.103, setWindowRect: true, strictFileInteractability: false, timeouts: {implicit: 0, pageLoad: 300000, script: 30000}, unhandledPromptBehavior: dismiss and notify, webauthn:extension:credBlob: true, webauthn:extension:largeBlob: true, webauthn:extension:minPinLength: true, webauthn:extension:prf: true, webauthn:virtualAuthenticators: true}
Session ID: 0db2ecec737b4446657e1ad0fa75116c
2026-04-26 12:02:51 [TestNG-test-orangeHRMTest-1] ERROR BaseClass - this is error message
2026-04-26 12:02:51 [TestNG-test-orangeHRMTest-1] FATAL BaseClass - thus is fatal message
2026-04-26 12:02:55 [TestNG-test-orangeHRMTest-2] ERROR ActionDriver - not able to enter:no such element: Unable to locate element: {"method":"css selector","selector":"*[name='password']"}
  (Session info: chrome=147.0.7727.103)
For documentation on this error, please visit: https://www.selenium.dev/documentation/webdriver/troubleshooting/errors#no-such-element-exception
Build info: version: '4.18.0', revision: 'b6bf9de7cc*'
System info: os.name: 'Windows 11', os.arch: 'amd64', os.version: '10.0', java.version: '25.0.1'
Driver info: org.openqa.selenium.chrome.ChromeDriver
Command: [0db2ecec737b4446657e1ad0fa75116c, findElement {value=password, using=name}]
Capabilities {acceptInsecureCerts: false, browserName: chrome, browserVersion: 147.0.7727.103, chrome: {chromedriverVersion: 147.0.7727.117 (474cc805edd..., userDataDir: C:\Users\91708\AppData\Loca...}, fedcm:accounts: true, goog:chromeOptions: {debuggerAddress: localhost:65523}, goog:processID: 14192, networkConnectionEnabled: false, pageLoadStrategy: normal, platformName: windows, proxy: Proxy(), se:cdp: ws://localhost:65523/devtoo..., se:cdpVersion: 147.0.7727.103, setWindowRect: true, strictFileInteractability: false, timeouts: {implicit: 0, pageLoad: 300000, script: 30000}, unhandledPromptBehavior: dismiss and notify, webauthn:extension:credBlob: true, webauthn:extension:largeBlob: true, webauthn:extension:minPinLength: true, webauthn:extension:prf: true, webauthn:virtualAuthenticators: true}
Session ID: 0db2ecec737b4446657e1ad0fa75116c
2026-04-26 12:03:01 [TestNG-test-orangeHRMTest-1] ERROR ActionDriver - element not visible:Expected condition failed: waiting for visibility of element located by By.name: username (tried for 10 second(s) with 500 milliseconds interval)
Build info: version: '4.18.0', revision: 'b6bf9de7cc*'
System info: os.name: 'Windows 11', os.arch: 'amd64', os.version: '10.0', java.version: '25.0.1'
Driver info: org.openqa.selenium.chrome.ChromeDriver
Capabilities {acceptInsecureCerts: false, browserName: chrome, browserVersion: 147.0.7727.103, chrome: {chromedriverVersion: 147.0.7727.117 (474cc805edd..., userDataDir: C:\Users\91708\AppData\Loca...}, fedcm:accounts: true, goog:chromeOptions: {debuggerAddress: localhost:51252}, goog:processID: 2212, networkConnectionEnabled: false, pageLoadStrategy: normal, platformName: windows, proxy: Proxy(), se:cdp: ws://localhost:51252/devtoo..., se:cdpVersion: 147.0.7727.103, setWindowRect: true, strictFileInteractability: false, timeouts: {implicit: 0, pageLoad: 300000, script: 30000}, unhandledPromptBehavior: dismiss and notify, webauthn:extension:credBlob: true, webauthn:extension:largeBlob: true, webauthn:extension:minPinLength: true, webauthn:extension:prf: true, webauthn:virtualAuthenticators: true}
Session ID: a90e638dffa2126ad89e26ab2a0fcbd6
2026-04-26 12:03:11 [TestNG-test-orangeHRMTest-1] ERROR ActionDriver - not able to enter:no such element: Unable to locate element: {"method":"css selector","selector":"*[name='username']"}
  (Session info: chrome=147.0.7727.103)
For documentation on this error, please visit: https://www.selenium.dev/documentation/webdriver/troubleshooting/errors#no-such-element-exception
Build info: version: '4.18.0', revision: 'b6bf9de7cc*'
System info: os.name: 'Windows 11', os.arch: 'amd64', os.version: '10.0', java.version: '25.0.1'
Driver info: org.openqa.selenium.chrome.ChromeDriver
Command: [a90e638dffa2126ad89e26ab2a0fcbd6, findElement {value=username, using=name}]
Capabilities {acceptInsecureCerts: false, browserName: chrome, browserVersion: 147.0.7727.103, chrome: {chromedriverVersion: 147.0.7727.117 (474cc805edd..., userDataDir: C:\Users\91708\AppData\Loca...}, fedcm:accounts: true, goog:chromeOptions: {debuggerAddress: localhost:51252}, goog:processID: 2212, networkConnectionEnabled: false, pageLoadStrategy: normal, platformName: windows, proxy: Proxy(), se:cdp: ws://localhost:51252/devtoo..., se:cdpVersion: 147.0.7727.103, setWindowRect: true, strictFileInteractability: false, timeouts: {implicit: 0, pageLoad: 300000, script: 30000}, unhandledPromptBehavior: dismiss and notify, webauthn:extension:credBlob: true, webauthn:extension:largeBlob: true, webauthn:extension:minPinLength: true, webauthn:extension:prf: true, webauthn:virtualAuthenticators: true}
Session ID: a90e638dffa2126ad89e26ab2a0fcbd6
2026-04-26 12:03:21 [TestNG-test-orangeHRMTest-1] ERROR ActionDriver - element not visible:Expected condition failed: waiting for visibility of element located by By.name: password (tried for 10 second(s) with 500 milliseconds interval)
Build info: version: '4.18.0', revision: 'b6bf9de7cc*'
System info: os.name: 'Windows 11', os.arch: 'amd64', os.version: '10.0', java.version: '25.0.1'
Driver info: org.openqa.selenium.chrome.ChromeDriver
Capabilities {acceptInsecureCerts: false, browserName: chrome, browserVersion: 147.0.7727.103, chrome: {chromedriverVersion: 147.0.7727.117 (474cc805edd..., userDataDir: C:\Users\91708\AppData\Loca...}, fedcm:accounts: true, goog:chromeOptions: {debuggerAddress: localhost:51252}, goog:processID: 2212, networkConnectionEnabled: false, pageLoadStrategy: normal, platformName: windows, proxy: Proxy(), se:cdp: ws://localhost:51252/devtoo..., se:cdpVersion: 147.0.7727.103, setWindowRect: true, strictFileInteractability: false, timeouts: {implicit: 0, pageLoad: 300000, script: 30000}, unhandledPromptBehavior: dismiss and notify, webauthn:extension:credBlob: true, webauthn:extension:largeBlob: true, webauthn:extension:minPinLength: true, webauthn:extension:prf: true, webauthn:virtualAuthenticators: true}
Session ID: a90e638dffa2126ad89e26ab2a0fcbd6
2026-04-26 12:03:31 [TestNG-test-orangeHRMTest-1] ERROR ActionDriver - not able to enter:no such element: Unable to locate element: {"method":"css selector","selector":"*[name='password']"}
  (Session info: chrome=147.0.7727.103)
For documentation on this error, please visit: https://www.selenium.dev/documentation/webdriver/troubleshooting/errors#no-such-element-exception
Build info: version: '4.18.0', revision: 'b6bf9de7cc*'
System info: os.name: 'Windows 11', os.arch: 'amd64', os.version: '10.0', java.version: '25.0.1'
Driver info: org.openqa.selenium.chrome.ChromeDriver
Command: [a90e638dffa2126ad89e26ab2a0fcbd6, findElement {value=password, using=name}]
Capabilities {acceptInsecureCerts: false, browserName: chrome, browserVersion: 147.0.7727.103, chrome: {chromedriverVersion: 147.0.7727.117 (474cc805edd..., userDataDir: C:\Users\91708\AppData\Loca...}, fedcm:accounts: true, goog:chromeOptions: {debuggerAddress: localhost:51252}, goog:processID: 2212, networkConnectionEnabled: false, pageLoadStrategy: normal, platformName: windows, proxy: Proxy(), se:cdp: ws://localhost:51252/devtoo..., se:cdpVersion: 147.0.7727.103, setWindowRect: true, strictFileInteractability: false, timeouts: {implicit: 0, pageLoad: 300000, script: 30000}, unhandledPromptBehavior: dismiss and notify, webauthn:extension:credBlob: true, webauthn:extension:largeBlob: true, webauthn:extension:minPinLength: true, webauthn:extension:prf: true, webauthn:virtualAuthenticators: true}
Session ID: a90e638dffa2126ad89e26ab2a0fcbd6
2026-04-26 12:03:55 [TestNG-test-orangeHRMTest-1] ERROR BaseClass - this is error message
2026-04-26 12:03:55 [TestNG-test-orangeHRMTest-1] FATAL BaseClass - thus is fatal message
2026-04-26 12:04:05 [TestNG-test-orangeHRMTest-1] ERROR ActionDriver - element not visible:Expected condition failed: waiting for visibility of element located by By.name: username (tried for 10 second(s) with 500 milliseconds interval)
Build info: version: '4.18.0', revision: 'b6bf9de7cc*'
System info: os.name: 'Windows 11', os.arch: 'amd64', os.version: '10.0', java.version: '25.0.1'
Driver info: org.openqa.selenium.chrome.ChromeDriver
Capabilities {acceptInsecureCerts: false, browserName: chrome, browserVersion: 147.0.7727.103, chrome: {chromedriverVersion: 147.0.7727.117 (474cc805edd..., userDataDir: C:\Users\91708\AppData\Loca...}, fedcm:accounts: true, goog:chromeOptions: {debuggerAddress: localhost:50946}, goog:processID: 18160, networkConnectionEnabled: false, pageLoadStrategy: normal, platformName: windows, proxy: Proxy(), se:cdp: ws://localhost:50946/devtoo..., se:cdpVersion: 147.0.7727.103, setWindowRect: true, strictFileInteractability: false, timeouts: {implicit: 0, pageLoad: 300000, script: 30000}, unhandledPromptBehavior: dismiss and notify, webauthn:extension:credBlob: true, webauthn:extension:largeBlob: true, webauthn:extension:minPinLength: true, webauthn:extension:prf: true, webauthn:virtualAuthenticators: true}
Session ID: 150e880a30c396a5c00fea2d24a37a7b
2026-04-26 12:04:15 [TestNG-test-orangeHRMTest-1] ERROR ActionDriver - not able to enter:no such element: Unable to locate element: {"method":"css selector","selector":"*[name='username']"}
  (Session info: chrome=147.0.7727.103)
For documentation on this error, please visit: https://www.selenium.dev/documentation/webdriver/troubleshooting/errors#no-such-element-exception
Build info: version: '4.18.0', revision: 'b6bf9de7cc*'
System info: os.name: 'Windows 11', os.arch: 'amd64', os.version: '10.0', java.version: '25.0.1'
Driver info: org.openqa.selenium.chrome.ChromeDriver
Command: [150e880a30c396a5c00fea2d24a37a7b, findElement {value=username, using=name}]
Capabilities {acceptInsecureCerts: false, browserName: chrome, browserVersion: 147.0.7727.103, chrome: {chromedriverVersion: 147.0.7727.117 (474cc805edd..., userDataDir: C:\Users\91708\AppData\Loca...}, fedcm:accounts: true, goog:chromeOptions: {debuggerAddress: localhost:50946}, goog:processID: 18160, networkConnectionEnabled: false, pageLoadStrategy: normal, platformName: windows, proxy: Proxy(), se:cdp: ws://localhost:50946/devtoo..., se:cdpVersion: 147.0.7727.103, setWindowRect: true, strictFileInteractability: false, timeouts: {implicit: 0, pageLoad: 300000, script: 30000}, unhandledPromptBehavior: dismiss and notify, webauthn:extension:credBlob: true, webauthn:extension:largeBlob: true, webauthn:extension:minPinLength: true, webauthn:extension:prf: true, webauthn:virtualAuthenticators: true}
Session ID: 150e880a30c396a5c00fea2d24a37a7b
2026-04-26 12:04:25 [TestNG-test-orangeHRMTest-1] ERROR ActionDriver - element not visible:Expected condition failed: waiting for visibility of element located by By.name: password (tried for 10 second(s) with 500 milliseconds interval)
Build info: version: '4.18.0', revision: 'b6bf9de7cc*'
System info: os.name: 'Windows 11', os.arch: 'amd64', os.version: '10.0', java.version: '25.0.1'
Driver info: org.openqa.selenium.chrome.ChromeDriver
Capabilities {acceptInsecureCerts: false, browserName: chrome, browserVersion: 147.0.7727.103, chrome: {chromedriverVersion: 147.0.7727.117 (474cc805edd..., userDataDir: C:\Users\91708\AppData\Loca...}, fedcm:accounts: true, goog:chromeOptions: {debuggerAddress: localhost:50946}, goog:processID: 18160, networkConnectionEnabled: false, pageLoadStrategy: normal, platformName: windows, proxy: Proxy(), se:cdp: ws://localhost:50946/devtoo..., se:cdpVersion: 147.0.7727.103, setWindowRect: true, strictFileInteractability: false, timeouts: {implicit: 0, pageLoad: 300000, script: 30000}, unhandledPromptBehavior: dismiss and notify, webauthn:extension:credBlob: true, webauthn:extension:largeBlob: true, webauthn:extension:minPinLength: true, webauthn:extension:prf: true, webauthn:virtualAuthenticators: true}
Session ID: 150e880a30c396a5c00fea2d24a37a7b
2026-04-26 12:04:35 [TestNG-test-orangeHRMTest-1] ERROR ActionDriver - not able to enter:no such element: Unable to locate element: {"method":"css selector","selector":"*[name='password']"}
  (Session info: chrome=147.0.7727.103)
For documentation on this error, please visit: https://www.selenium.dev/documentation/webdriver/troubleshooting/errors#no-such-element-exception
Build info: version: '4.18.0', revision: 'b6bf9de7cc*'
System info: os.name: 'Windows 11', os.arch: 'amd64', os.version: '10.0', java.version: '25.0.1'
Driver info: org.openqa.selenium.chrome.ChromeDriver
Command: [150e880a30c396a5c00fea2d24a37a7b, findElement {value=password, using=name}]
Capabilities {acceptInsecureCerts: false, browserName: chrome, browserVersion: 147.0.7727.103, chrome: {chromedriverVersion: 147.0.7727.117 (474cc805edd..., userDataDir: C:\Users\91708\AppData\Loca...}, fedcm:accounts: true, goog:chromeOptions: {debuggerAddress: localhost:50946}, goog:processID: 18160, networkConnectionEnabled: false, pageLoadStrategy: normal, platformName: windows, proxy: Proxy(), se:cdp: ws://localhost:50946/devtoo..., se:cdpVersion: 147.0.7727.103, setWindowRect: true, strictFileInteractability: false, timeouts: {implicit: 0, pageLoad: 300000, script: 30000}, unhandledPromptBehavior: dismiss and notify, webauthn:extension:credBlob: true, webauthn:extension:largeBlob: true, webauthn:extension:minPinLength: true, webauthn:extension:prf: true, webauthn:virtualAuthenticators: true}
Session ID: 150e880a30c396a5c00fea2d24a37a7b
2026-04-26 12:04:59 [TestNG-test-orangeHRMTest-1] ERROR BaseClass - this is error message
2026-04-26 12:04:59 [TestNG-test-orangeHRMTest-1] FATAL BaseClass - thus is fatal message
2026-04-26 12:05:09 [TestNG-test-orangeHRMTest-1] ERROR ActionDriver - element not visible:Expected condition failed: waiting for visibility of element located by By.name: username (tried for 10 second(s) with 500 milliseconds interval)
Build info: version: '4.18.0', revision: 'b6bf9de7cc*'
System info: os.name: 'Windows 11', os.arch: 'amd64', os.version: '10.0', java.version: '25.0.1'
Driver info: org.openqa.selenium.chrome.ChromeDriver
Capabilities {acceptInsecureCerts: false, browserName: chrome, browserVersion: 147.0.7727.103, chrome: {chromedriverVersion: 147.0.7727.117 (474cc805edd..., userDataDir: C:\Users\91708\AppData\Loca...}, fedcm:accounts: true, goog:chromeOptions: {debuggerAddress: localhost:51329}, goog:processID: 11196, networkConnectionEnabled: false, pageLoadStrategy: normal, platformName: windows, proxy: Proxy(), se:cdp: ws://localhost:51329/devtoo..., se:cdpVersion: 147.0.7727.103, setWindowRect: true, strictFileInteractability: false, timeouts: {implicit: 0, pageLoad: 300000, script: 30000}, unhandledPromptBehavior: dismiss and notify, webauthn:extension:credBlob: true, webauthn:extension:largeBlob: true, webauthn:extension:minPinLength: true, webauthn:extension:prf: true, webauthn:virtualAuthenticators: true}
Session ID: ed7ed0c5f90fc6f5e82f5942d1bd13d2
2026-04-26 12:05:19 [TestNG-test-orangeHRMTest-1] ERROR ActionDriver - not able to enter:no such element: Unable to locate element: {"method":"css selector","selector":"*[name='username']"}
  (Session info: chrome=147.0.7727.103)
For documentation on this error, please visit: https://www.selenium.dev/documentation/webdriver/troubleshooting/errors#no-such-element-exception
Build info: version: '4.18.0', revision: 'b6bf9de7cc*'
System info: os.name: 'Windows 11', os.arch: 'amd64', os.version: '10.0', java.version: '25.0.1'
Driver info: org.openqa.selenium.chrome.ChromeDriver
Command: [ed7ed0c5f90fc6f5e82f5942d1bd13d2, findElement {value=username, using=name}]
Capabilities {acceptInsecureCerts: false, browserName: chrome, browserVersion: 147.0.7727.103, chrome: {chromedriverVersion: 147.0.7727.117 (474cc805edd..., userDataDir: C:\Users\91708\AppData\Loca...}, fedcm:accounts: true, goog:chromeOptions: {debuggerAddress: localhost:51329}, goog:processID: 11196, networkConnectionEnabled: false, pageLoadStrategy: normal, platformName: windows, proxy: Proxy(), se:cdp: ws://localhost:51329/devtoo..., se:cdpVersion: 147.0.7727.103, setWindowRect: true, strictFileInteractability: false, timeouts: {implicit: 0, pageLoad: 300000, script: 30000}, unhandledPromptBehavior: dismiss and notify, webauthn:extension:credBlob: true, webauthn:extension:largeBlob: true, webauthn:extension:minPinLength: true, webauthn:extension:prf: true, webauthn:virtualAuthenticators: true}
Session ID: ed7ed0c5f90fc6f5e82f5942d1bd13d2
2026-04-26 12:05:29 [TestNG-test-orangeHRMTest-1] ERROR ActionDriver - element not visible:Expected condition failed: waiting for visibility of element located by By.name: password (tried for 10 second(s) with 500 milliseconds interval)
Build info: version: '4.18.0', revision: 'b6bf9de7cc*'
System info: os.name: 'Windows 11', os.arch: 'amd64', os.version: '10.0', java.version: '25.0.1'
Driver info: org.openqa.selenium.chrome.ChromeDriver
Capabilities {acceptInsecureCerts: false, browserName: chrome, browserVersion: 147.0.7727.103, chrome: {chromedriverVersion: 147.0.7727.117 (474cc805edd..., userDataDir: C:\Users\91708\AppData\Loca...}, fedcm:accounts: true, goog:chromeOptions: {debuggerAddress: localhost:51329}, goog:processID: 11196, networkConnectionEnabled: false, pageLoadStrategy: normal, platformName: windows, proxy: Proxy(), se:cdp: ws://localhost:51329/devtoo..., se:cdpVersion: 147.0.7727.103, setWindowRect: true, strictFileInteractability: false, timeouts: {implicit: 0, pageLoad: 300000, script: 30000}, unhandledPromptBehavior: dismiss and notify, webauthn:extension:credBlob: true, webauthn:extension:largeBlob: true, webauthn:extension:minPinLength: true, webauthn:extension:prf: true, webauthn:virtualAuthenticators: true}
Session ID: ed7ed0c5f90fc6f5e82f5942d1bd13d2
2026-04-26 12:05:39 [TestNG-test-orangeHRMTest-1] ERROR ActionDriver - not able to enter:no such element: Unable to locate element: {"method":"css selector","selector":"*[name='password']"}
  (Session info: chrome=147.0.7727.103)
For documentation on this error, please visit: https://www.selenium.dev/documentation/webdriver/troubleshooting/errors#no-such-element-exception
Build info: version: '4.18.0', revision: 'b6bf9de7cc*'
System info: os.name: 'Windows 11', os.arch: 'amd64', os.version: '10.0', java.version: '25.0.1'
Driver info: org.openqa.selenium.chrome.ChromeDriver
Command: [ed7ed0c5f90fc6f5e82f5942d1bd13d2, findElement {value=password, using=name}]
Capabilities {acceptInsecureCerts: false, browserName: chrome, browserVersion: 147.0.7727.103, chrome: {chromedriverVersion: 147.0.7727.117 (474cc805edd..., userDataDir: C:\Users\91708\AppData\Loca...}, fedcm:accounts: true, goog:chromeOptions: {debuggerAddress: localhost:51329}, goog:processID: 11196, networkConnectionEnabled: false, pageLoadStrategy: normal, platformName: windows, proxy: Proxy(), se:cdp: ws://localhost:51329/devtoo..., se:cdpVersion: 147.0.7727.103, setWindowRect: true, strictFileInteractability: false, timeouts: {implicit: 0, pageLoad: 300000, script: 30000}, unhandledPromptBehavior: dismiss and notify, webauthn:extension:credBlob: true, webauthn:extension:largeBlob: true, webauthn:extension:minPinLength: true, webauthn:extension:prf: true, webauthn:virtualAuthenticators: true}
Session ID: ed7ed0c5f90fc6f5e82f5942d1bd13d2
2026-04-26 12:10:13 [main] ERROR BaseClass - this is error message
2026-04-26 12:10:13 [main] FATAL BaseClass - thus is fatal message
2026-04-26 12:10:23 [main] ERROR ActionDriver - element not visible:Expected condition failed: waiting for visibility of element located by By.name: username (tried for 10 second(s) with 500 milliseconds interval)
Build info: version: '4.18.0', revision: 'b6bf9de7cc*'
System info: os.name: 'Windows 11', os.arch: 'amd64', os.version: '10.0', java.version: '25.0.1'
Driver info: org.openqa.selenium.chrome.ChromeDriver
Capabilities {acceptInsecureCerts: false, browserName: chrome, browserVersion: 147.0.7727.103, chrome: {chromedriverVersion: 147.0.7727.117 (474cc805edd..., userDataDir: C:\Users\91708\AppData\Loca...}, fedcm:accounts: true, goog:chromeOptions: {debuggerAddress: localhost:52595}, goog:processID: 15704, networkConnectionEnabled: false, pageLoadStrategy: normal, platformName: windows, proxy: Proxy(), se:cdp: ws://localhost:52595/devtoo..., se:cdpVersion: 147.0.7727.103, setWindowRect: true, strictFileInteractability: false, timeouts: {implicit: 0, pageLoad: 300000, script: 30000}, unhandledPromptBehavior: dismiss and notify, webauthn:extension:credBlob: true, webauthn:extension:largeBlob: true, webauthn:extension:minPinLength: true, webauthn:extension:prf: true, webauthn:virtualAuthenticators: true}
Session ID: 70b2b009e23235a7575af2ac5e94fdc9
2026-04-26 12:10:33 [main] ERROR ActionDriver - not able to enter:no such element: Unable to locate element: {"method":"css selector","selector":"*[name='username']"}
  (Session info: chrome=147.0.7727.103)
For documentation on this error, please visit: https://www.selenium.dev/documentation/webdriver/troubleshooting/errors#no-such-element-exception
Build info: version: '4.18.0', revision: 'b6bf9de7cc*'
System info: os.name: 'Windows 11', os.arch: 'amd64', os.version: '10.0', java.version: '25.0.1'
Driver info: org.openqa.selenium.chrome.ChromeDriver
Command: [70b2b009e23235a7575af2ac5e94fdc9, findElement {using=name, value=username}]
Capabilities {acceptInsecureCerts: false, browserName: chrome, browserVersion: 147.0.7727.103, chrome: {chromedriverVersion: 147.0.7727.117 (474cc805edd..., userDataDir: C:\Users\91708\AppData\Loca...}, fedcm:accounts: true, goog:chromeOptions: {debuggerAddress: localhost:52595}, goog:processID: 15704, networkConnectionEnabled: false, pageLoadStrategy: normal, platformName: windows, proxy: Proxy(), se:cdp: ws://localhost:52595/devtoo..., se:cdpVersion: 147.0.7727.103, setWindowRect: true, strictFileInteractability: false, timeouts: {implicit: 0, pageLoad: 300000, script: 30000}, unhandledPromptBehavior: dismiss and notify, webauthn:extension:credBlob: true, webauthn:extension:largeBlob: true, webauthn:extension:minPinLength: true, webauthn:extension:prf: true, webauthn:virtualAuthenticators: true}
Session ID: 70b2b009e23235a7575af2ac5e94fdc9
2026-04-26 12:10:43 [main] ERROR ActionDriver - element not visible:Expected condition failed: waiting for visibility of element located by By.name: password (tried for 10 second(s) with 500 milliseconds interval)
Build info: version: '4.18.0', revision: 'b6bf9de7cc*'
System info: os.name: 'Windows 11', os.arch: 'amd64', os.version: '10.0', java.version: '25.0.1'
Driver info: org.openqa.selenium.chrome.ChromeDriver
Capabilities {acceptInsecureCerts: false, browserName: chrome, browserVersion: 147.0.7727.103, chrome: {chromedriverVersion: 147.0.7727.117 (474cc805edd..., userDataDir: C:\Users\91708\AppData\Loca...}, fedcm:accounts: true, goog:chromeOptions: {debuggerAddress: localhost:52595}, goog:processID: 15704, networkConnectionEnabled: false, pageLoadStrategy: normal, platformName: windows, proxy: Proxy(), se:cdp: ws://localhost:52595/devtoo..., se:cdpVersion: 147.0.7727.103, setWindowRect: true, strictFileInteractability: false, timeouts: {implicit: 0, pageLoad: 300000, script: 30000}, unhandledPromptBehavior: dismiss and notify, webauthn:extension:credBlob: true, webauthn:extension:largeBlob: true, webauthn:extension:minPinLength: true, webauthn:extension:prf: true, webauthn:virtualAuthenticators: true}
Session ID: 70b2b009e23235a7575af2ac5e94fdc9
2026-04-26 12:10:53 [main] ERROR ActionDriver - not able to enter:no such element: Unable to locate element: {"method":"css selector","selector":"*[name='password']"}
  (Session info: chrome=147.0.7727.103)
For documentation on this error, please visit: https://www.selenium.dev/documentation/webdriver/troubleshooting/errors#no-such-element-exception
Build info: version: '4.18.0', revision: 'b6bf9de7cc*'
System info: os.name: 'Windows 11', os.arch: 'amd64', os.version: '10.0', java.version: '25.0.1'
Driver info: org.openqa.selenium.chrome.ChromeDriver
Command: [70b2b009e23235a7575af2ac5e94fdc9, findElement {using=name, value=password}]
Capabilities {acceptInsecureCerts: false, browserName: chrome, browserVersion: 147.0.7727.103, chrome: {chromedriverVersion: 147.0.7727.117 (474cc805edd..., userDataDir: C:\Users\91708\AppData\Loca...}, fedcm:accounts: true, goog:chromeOptions: {debuggerAddress: localhost:52595}, goog:processID: 15704, networkConnectionEnabled: false, pageLoadStrategy: normal, platformName: windows, proxy: Proxy(), se:cdp: ws://localhost:52595/devtoo..., se:cdpVersion: 147.0.7727.103, setWindowRect: true, strictFileInteractability: false, timeouts: {implicit: 0, pageLoad: 300000, script: 30000}, unhandledPromptBehavior: dismiss and notify, webauthn:extension:credBlob: true, webauthn:extension:largeBlob: true, webauthn:extension:minPinLength: true, webauthn:extension:prf: true, webauthn:virtualAuthenticators: true}
Session ID: 70b2b009e23235a7575af2ac5e94fdc9
2026-04-26 12:17:37 [main] ERROR BaseClass - this is error message
2026-04-26 12:17:37 [main] FATAL BaseClass - thus is fatal message
2026-04-26 12:20:15 [main] ERROR BaseClass - this is error message
2026-04-26 12:20:15 [main] FATAL BaseClass - thus is fatal message
2026-04-26 12:20:26 [main] ERROR ActionDriver - element not visible:Expected condition failed: waiting for visibility of element located by By.xpath: //span[text()='Admin'] (tried for 10 second(s) with 500 milliseconds interval)
Build info: version: '4.18.0', revision: 'b6bf9de7cc*'
System info: os.name: 'Windows 11', os.arch: 'amd64', os.version: '10.0', java.version: '25.0.1'
Driver info: org.openqa.selenium.chrome.ChromeDriver
Capabilities {acceptInsecureCerts: false, browserName: chrome, browserVersion: 147.0.7727.103, chrome: {chromedriverVersion: 147.0.7727.117 (474cc805edd..., userDataDir: C:\Users\91708\AppData\Loca...}, fedcm:accounts: true, goog:chromeOptions: {debuggerAddress: localhost:57350}, goog:processID: 3984, networkConnectionEnabled: false, pageLoadStrategy: normal, platformName: windows, proxy: Proxy(), se:cdp: ws://localhost:57350/devtoo..., se:cdpVersion: 147.0.7727.103, setWindowRect: true, strictFileInteractability: false, timeouts: {implicit: 0, pageLoad: 300000, script: 30000}, unhandledPromptBehavior: dismiss and notify, webauthn:extension:credBlob: true, webauthn:extension:largeBlob: true, webauthn:extension:minPinLength: true, webauthn:extension:prf: true, webauthn:virtualAuthenticators: true}
Session ID: 3a580cccaf44e7814ec02af2a02db2e3
2026-04-26 12:25:36 [main] ERROR BaseClass - this is error message
2026-04-26 12:25:36 [main] FATAL BaseClass - thus is fatal message
2026-04-26 12:25:47 [main] ERROR ActionDriver - element not visible:Expected condition failed: waiting for visibility of element located by By.xpath: //span[text()='Admin'] (tried for 10 second(s) with 500 milliseconds interval)
Build info: version: '4.18.0', revision: 'b6bf9de7cc*'
System info: os.name: 'Windows 11', os.arch: 'amd64', os.version: '10.0', java.version: '25.0.1'
Driver info: org.openqa.selenium.chrome.ChromeDriver
Capabilities {acceptInsecureCerts: false, browserName: chrome, browserVersion: 147.0.7727.103, chrome: {chromedriverVersion: 147.0.7727.117 (474cc805edd..., userDataDir: C:\Users\91708\AppData\Loca...}, fedcm:accounts: true, goog:chromeOptions: {debuggerAddress: localhost:62231}, goog:processID: 15820, networkConnectionEnabled: false, pageLoadStrategy: normal, platformName: windows, proxy: Proxy(), se:cdp: ws://localhost:62231/devtoo..., se:cdpVersion: 147.0.7727.103, setWindowRect: true, strictFileInteractability: false, timeouts: {implicit: 0, pageLoad: 300000, script: 30000}, unhandledPromptBehavior: dismiss and notify, webauthn:extension:credBlob: true, webauthn:extension:largeBlob: true, webauthn:extension:minPinLength: true, webauthn:extension:prf: true, webauthn:virtualAuthenticators: true}
Session ID: 7dd6257d3c9ce3ed98fe06d8fafb39bf
2026-04-26 12:34:55 [main] ERROR BaseClass - this is error message
2026-04-26 12:34:55 [main] FATAL BaseClass - thus is fatal message
2026-04-26 12:34:55 [main] ERROR BaseClass - this is error message
2026-04-26 12:34:55 [main] FATAL BaseClass - thus is fatal message
2026-04-26 12:35:05 [main] ERROR BaseClass - this is error message
2026-04-26 12:35:05 [main] FATAL BaseClass - thus is fatal message
2026-04-26 12:35:07 [main] ERROR ActionDriver - element not visible:Expected condition failed: waiting for visibility of element located by By.xpath: //span[text()='Admin'] (tried for 10 second(s) with 500 milliseconds interval)
Build info: version: '4.18.0', revision: 'b6bf9de7cc*'
System info: os.name: 'Windows 11', os.arch: 'amd64', os.version: '10.0', java.version: '25.0.1'
Driver info: org.openqa.selenium.chrome.ChromeDriver
Capabilities {acceptInsecureCerts: false, browserName: chrome, browserVersion: 147.0.7727.103, chrome: {chromedriverVersion: 147.0.7727.117 (474cc805edd..., userDataDir: C:\Users\91708\AppData\Loca...}, fedcm:accounts: true, goog:chromeOptions: {debuggerAddress: localhost:55958}, goog:processID: 17856, networkConnectionEnabled: false, pageLoadStrategy: normal, platformName: windows, proxy: Proxy(), se:cdp: ws://localhost:55958/devtoo..., se:cdpVersion: 147.0.7727.103, setWindowRect: true, strictFileInteractability: false, timeouts: {implicit: 0, pageLoad: 300000, script: 30000}, unhandledPromptBehavior: dismiss and notify, webauthn:extension:credBlob: true, webauthn:extension:largeBlob: true, webauthn:extension:minPinLength: true, webauthn:extension:prf: true, webauthn:virtualAuthenticators: true}
Session ID: 25a6ff94d3e7a778385fe9e79feae861
2026-04-26 12:35:17 [main] ERROR ActionDriver - element not visible:Expected condition failed: waiting for visibility of element located by By.xpath: //span[text()='Admin'] (tried for 10 second(s) with 500 milliseconds interval)
Build info: version: '4.18.0', revision: 'b6bf9de7cc*'
System info: os.name: 'Windows 11', os.arch: 'amd64', os.version: '10.0', java.version: '25.0.1'
Driver info: org.openqa.selenium.chrome.ChromeDriver
Capabilities {acceptInsecureCerts: false, browserName: chrome, browserVersion: 147.0.7727.103, chrome: {chromedriverVersion: 147.0.7727.117 (474cc805edd..., userDataDir: C:\Users\91708\AppData\Loca...}, fedcm:accounts: true, goog:chromeOptions: {debuggerAddress: localhost:55958}, goog:processID: 17856, networkConnectionEnabled: false, pageLoadStrategy: normal, platformName: windows, proxy: Proxy(), se:cdp: ws://localhost:55958/devtoo..., se:cdpVersion: 147.0.7727.103, setWindowRect: true, strictFileInteractability: false, timeouts: {implicit: 0, pageLoad: 300000, script: 30000}, unhandledPromptBehavior: dismiss and notify, webauthn:extension:credBlob: true, webauthn:extension:largeBlob: true, webauthn:extension:minPinLength: true, webauthn:extension:prf: true, webauthn:virtualAuthenticators: true}
Session ID: 25a6ff94d3e7a778385fe9e79feae861
2026-04-26 13:14:51 [main] ERROR BaseClass - url not correct:unknown error: net::ERR_CONNECTION_REFUSED
  (Session info: chrome=147.0.7727.103)
Build info: version: '4.18.0', revision: 'b6bf9de7cc*'
System info: os.name: 'Windows 11', os.arch: 'amd64', os.version: '10.0', java.version: '25.0.1'
Driver info: org.openqa.selenium.chrome.ChromeDriver
Command: [a5a7b39d2aeb816ba21d5ba3795eec79, get {url=http://localhost/orangehrm/web/index.php/auth/login}]
Capabilities {acceptInsecureCerts: false, browserName: chrome, browserVersion: 147.0.7727.103, chrome: {chromedriverVersion: 147.0.7727.117 (474cc805edd..., userDataDir: C:\Users\91708\AppData\Loca...}, fedcm:accounts: true, goog:chromeOptions: {debuggerAddress: localhost:59134}, goog:processID: 16552, networkConnectionEnabled: false, pageLoadStrategy: normal, platformName: windows, proxy: Proxy(), se:cdp: ws://localhost:59134/devtoo..., se:cdpVersion: 147.0.7727.103, setWindowRect: true, strictFileInteractability: false, timeouts: {implicit: 0, pageLoad: 300000, script: 30000}, unhandledPromptBehavior: dismiss and notify, webauthn:extension:credBlob: true, webauthn:extension:largeBlob: true, webauthn:extension:minPinLength: true, webauthn:extension:prf: true, webauthn:virtualAuthenticators: true}
Session ID: a5a7b39d2aeb816ba21d5ba3795eec79
2026-04-26 13:14:54 [main] ERROR BaseClass - this is error message
2026-04-26 13:14:54 [main] FATAL BaseClass - thus is fatal message
2026-04-26 13:15:05 [main] ERROR ActionDriver - element not visible:Expected condition failed: waiting for visibility of element located by By.name: username (tried for 10 second(s) with 500 milliseconds interval)
Build info: version: '4.18.0', revision: 'b6bf9de7cc*'
System info: os.name: 'Windows 11', os.arch: 'amd64', os.version: '10.0', java.version: '25.0.1'
Driver info: org.openqa.selenium.chrome.ChromeDriver
Capabilities {acceptInsecureCerts: false, browserName: chrome, browserVersion: 147.0.7727.103, chrome: {chromedriverVersion: 147.0.7727.117 (474cc805edd..., userDataDir: C:\Users\91708\AppData\Loca...}, fedcm:accounts: true, goog:chromeOptions: {debuggerAddress: localhost:59134}, goog:processID: 16552, networkConnectionEnabled: false, pageLoadStrategy: normal, platformName: windows, proxy: Proxy(), se:cdp: ws://localhost:59134/devtoo..., se:cdpVersion: 147.0.7727.103, setWindowRect: true, strictFileInteractability: false, timeouts: {implicit: 0, pageLoad: 300000, script: 30000}, unhandledPromptBehavior: dismiss and notify, webauthn:extension:credBlob: true, webauthn:extension:largeBlob: true, webauthn:extension:minPinLength: true, webauthn:extension:prf: true, webauthn:virtualAuthenticators: true}
Session ID: a5a7b39d2aeb816ba21d5ba3795eec79
2026-04-26 13:15:15 [main] ERROR ActionDriver - not able to enter:no such element: Unable to locate element: {"method":"css selector","selector":"*[name='username']"}
  (Session info: chrome=147.0.7727.103)
For documentation on this error, please visit: https://www.selenium.dev/documentation/webdriver/troubleshooting/errors#no-such-element-exception
Build info: version: '4.18.0', revision: 'b6bf9de7cc*'
System info: os.name: 'Windows 11', os.arch: 'amd64', os.version: '10.0', java.version: '25.0.1'
Driver info: org.openqa.selenium.chrome.ChromeDriver
Command: [a5a7b39d2aeb816ba21d5ba3795eec79, findElement {value=username, using=name}]
Capabilities {acceptInsecureCerts: false, browserName: chrome, browserVersion: 147.0.7727.103, chrome: {chromedriverVersion: 147.0.7727.117 (474cc805edd..., userDataDir: C:\Users\91708\AppData\Loca...}, fedcm:accounts: true, goog:chromeOptions: {debuggerAddress: localhost:59134}, goog:processID: 16552, networkConnectionEnabled: false, pageLoadStrategy: normal, platformName: windows, proxy: Proxy(), se:cdp: ws://localhost:59134/devtoo..., se:cdpVersion: 147.0.7727.103, setWindowRect: true, strictFileInteractability: false, timeouts: {implicit: 0, pageLoad: 300000, script: 30000}, unhandledPromptBehavior: dismiss and notify, webauthn:extension:credBlob: true, webauthn:extension:largeBlob: true, webauthn:extension:minPinLength: true, webauthn:extension:prf: true, webauthn:virtualAuthenticators: true}
Session ID: a5a7b39d2aeb816ba21d5ba3795eec79
2026-04-26 13:15:25 [main] ERROR ActionDriver - element not visible:Expected condition failed: waiting for visibility of element located by By.name: password (tried for 10 second(s) with 500 milliseconds interval)
Build info: version: '4.18.0', revision: 'b6bf9de7cc*'
System info: os.name: 'Windows 11', os.arch: 'amd64', os.version: '10.0', java.version: '25.0.1'
Driver info: org.openqa.selenium.chrome.ChromeDriver
Capabilities {acceptInsecureCerts: false, browserName: chrome, browserVersion: 147.0.7727.103, chrome: {chromedriverVersion: 147.0.7727.117 (474cc805edd..., userDataDir: C:\Users\91708\AppData\Loca...}, fedcm:accounts: true, goog:chromeOptions: {debuggerAddress: localhost:59134}, goog:processID: 16552, networkConnectionEnabled: false, pageLoadStrategy: normal, platformName: windows, proxy: Proxy(), se:cdp: ws://localhost:59134/devtoo..., se:cdpVersion: 147.0.7727.103, setWindowRect: true, strictFileInteractability: false, timeouts: {implicit: 0, pageLoad: 300000, script: 30000}, unhandledPromptBehavior: dismiss and notify, webauthn:extension:credBlob: true, webauthn:extension:largeBlob: true, webauthn:extension:minPinLength: true, webauthn:extension:prf: true, webauthn:virtualAuthenticators: true}
Session ID: a5a7b39d2aeb816ba21d5ba3795eec79
2026-04-26 13:15:35 [main] ERROR ActionDriver - not able to enter:no such element: Unable to locate element: {"method":"css selector","selector":"*[name='password']"}
  (Session info: chrome=147.0.7727.103)
For documentation on this error, please visit: https://www.selenium.dev/documentation/webdriver/troubleshooting/errors#no-such-element-exception
Build info: version: '4.18.0', revision: 'b6bf9de7cc*'
System info: os.name: 'Windows 11', os.arch: 'amd64', os.version: '10.0', java.version: '25.0.1'
Driver info: org.openqa.selenium.chrome.ChromeDriver
Command: [a5a7b39d2aeb816ba21d5ba3795eec79, findElement {value=password, using=name}]
Capabilities {acceptInsecureCerts: false, browserName: chrome, browserVersion: 147.0.7727.103, chrome: {chromedriverVersion: 147.0.7727.117 (474cc805edd..., userDataDir: C:\Users\91708\AppData\Loca...}, fedcm:accounts: true, goog:chromeOptions: {debuggerAddress: localhost:59134}, goog:processID: 16552, networkConnectionEnabled: false, pageLoadStrategy: normal, platformName: windows, proxy: Proxy(), se:cdp: ws://localhost:59134/devtoo..., se:cdpVersion: 147.0.7727.103, setWindowRect: true, strictFileInteractability: false, timeouts: {implicit: 0, pageLoad: 300000, script: 30000}, unhandledPromptBehavior: dismiss and notify, webauthn:extension:credBlob: true, webauthn:extension:largeBlob: true, webauthn:extension:minPinLength: true, webauthn:extension:prf: true, webauthn:virtualAuthenticators: true}
Session ID: a5a7b39d2aeb816ba21d5ba3795eec79
2026-04-26 13:15:47 [main] ERROR ActionDriver - element not visible:Expected condition failed: waiting for visibility of element located by By.xpath: //span[text()='Admin'] (tried for 10 second(s) with 500 milliseconds interval)
Build info: version: '4.18.0', revision: 'b6bf9de7cc*'
System info: os.name: 'Windows 11', os.arch: 'amd64', os.version: '10.0', java.version: '25.0.1'
Driver info: org.openqa.selenium.chrome.ChromeDriver
Capabilities {acceptInsecureCerts: false, browserName: chrome, browserVersion: 147.0.7727.103, chrome: {chromedriverVersion: 147.0.7727.117 (474cc805edd..., userDataDir: C:\Users\91708\AppData\Loca...}, fedcm:accounts: true, goog:chromeOptions: {debuggerAddress: localhost:59134}, goog:processID: 16552, networkConnectionEnabled: false, pageLoadStrategy: normal, platformName: windows, proxy: Proxy(), se:cdp: ws://localhost:59134/devtoo..., se:cdpVersion: 147.0.7727.103, setWindowRect: true, strictFileInteractability: false, timeouts: {implicit: 0, pageLoad: 300000, script: 30000}, unhandledPromptBehavior: dismiss and notify, webauthn:extension:credBlob: true, webauthn:extension:largeBlob: true, webauthn:extension:minPinLength: true, webauthn:extension:prf: true, webauthn:virtualAuthenticators: true}
Session ID: a5a7b39d2aeb816ba21d5ba3795eec79
2026-04-26 13:15:58 [main] ERROR ActionDriver - element not visible:Expected condition failed: waiting for visibility of element located by By.xpath: //span[text()='Admin'] (tried for 10 second(s) with 500 milliseconds interval)
Build info: version: '4.18.0', revision: 'b6bf9de7cc*'
System info: os.name: 'Windows 11', os.arch: 'amd64', os.version: '10.0', java.version: '25.0.1'
Driver info: org.openqa.selenium.chrome.ChromeDriver
Capabilities {acceptInsecureCerts: false, browserName: chrome, browserVersion: 147.0.7727.103, chrome: {chromedriverVersion: 147.0.7727.117 (474cc805edd..., userDataDir: C:\Users\91708\AppData\Loca...}, fedcm:accounts: true, goog:chromeOptions: {debuggerAddress: localhost:59134}, goog:processID: 16552, networkConnectionEnabled: false, pageLoadStrategy: normal, platformName: windows, proxy: Proxy(), se:cdp: ws://localhost:59134/devtoo..., se:cdpVersion: 147.0.7727.103, setWindowRect: true, strictFileInteractability: false, timeouts: {implicit: 0, pageLoad: 300000, script: 30000}, unhandledPromptBehavior: dismiss and notify, webauthn:extension:credBlob: true, webauthn:extension:largeBlob: true, webauthn:extension:minPinLength: true, webauthn:extension:prf: true, webauthn:virtualAuthenticators: true}
Session ID: a5a7b39d2aeb816ba21d5ba3795eec79
2026-04-26 13:16:08 [main] ERROR ActionDriver - not displayed yet:no such element: Unable to locate element: {"method":"xpath","selector":"//span[text()='Admin']"}
  (Session info: chrome=147.0.7727.103)
For documentation on this error, please visit: https://www.selenium.dev/documentation/webdriver/troubleshooting/errors#no-such-element-exception
Build info: version: '4.18.0', revision: 'b6bf9de7cc*'
System info: os.name: 'Windows 11', os.arch: 'amd64', os.version: '10.0', java.version: '25.0.1'
Driver info: org.openqa.selenium.chrome.ChromeDriver
Command: [a5a7b39d2aeb816ba21d5ba3795eec79, findElement {value=//span[text()='Admin'], using=xpath}]
Capabilities {acceptInsecureCerts: false, browserName: chrome, browserVersion: 147.0.7727.103, chrome: {chromedriverVersion: 147.0.7727.117 (474cc805edd..., userDataDir: C:\Users\91708\AppData\Loca...}, fedcm:accounts: true, goog:chromeOptions: {debuggerAddress: localhost:59134}, goog:processID: 16552, networkConnectionEnabled: false, pageLoadStrategy: normal, platformName: windows, proxy: Proxy(), se:cdp: ws://localhost:59134/devtoo..., se:cdpVersion: 147.0.7727.103, setWindowRect: true, strictFileInteractability: false, timeouts: {implicit: 0, pageLoad: 300000, script: 30000}, unhandledPromptBehavior: dismiss and notify, webauthn:extension:credBlob: true, webauthn:extension:largeBlob: true, webauthn:extension:minPinLength: true, webauthn:extension:prf: true, webauthn:virtualAuthenticators: true}
Session ID: a5a7b39d2aeb816ba21d5ba3795eec79
2026-04-26 13:17:37 [main] ERROR BaseClass - url not correct:unknown error: net::ERR_CONNECTION_REFUSED
  (Session info: chrome=147.0.7727.103)
Build info: version: '4.18.0', revision: 'b6bf9de7cc*'
System info: os.name: 'Windows 11', os.arch: 'amd64', os.version: '10.0', java.version: '25.0.1'
Driver info: org.openqa.selenium.chrome.ChromeDriver
Command: [65dc93bc1ed45127b1e20ae54ea45a40, get {url=http://localhost/orangehrm/web/index.php/auth/login}]
Capabilities {acceptInsecureCerts: false, browserName: chrome, browserVersion: 147.0.7727.103, chrome: {chromedriverVersion: 147.0.7727.117 (474cc805edd..., userDataDir: C:\Users\91708\AppData\Loca...}, fedcm:accounts: true, goog:chromeOptions: {debuggerAddress: localhost:57331}, goog:processID: 20200, networkConnectionEnabled: false, pageLoadStrategy: normal, platformName: windows, proxy: Proxy(), se:cdp: ws://localhost:57331/devtoo..., se:cdpVersion: 147.0.7727.103, setWindowRect: true, strictFileInteractability: false, timeouts: {implicit: 0, pageLoad: 300000, script: 30000}, unhandledPromptBehavior: dismiss and notify, webauthn:extension:credBlob: true, webauthn:extension:largeBlob: true, webauthn:extension:minPinLength: true, webauthn:extension:prf: true, webauthn:virtualAuthenticators: true}
Session ID: 65dc93bc1ed45127b1e20ae54ea45a40
2026-04-26 13:17:40 [main] ERROR BaseClass - this is error message
2026-04-26 13:17:40 [main] FATAL BaseClass - thus is fatal message
2026-04-26 13:17:50 [main] ERROR ActionDriver - element not visible:Expected condition failed: waiting for visibility of element located by By.name: username (tried for 10 second(s) with 500 milliseconds interval)
Build info: version: '4.18.0', revision: 'b6bf9de7cc*'
System info: os.name: 'Windows 11', os.arch: 'amd64', os.version: '10.0', java.version: '25.0.1'
Driver info: org.openqa.selenium.chrome.ChromeDriver
Capabilities {acceptInsecureCerts: false, browserName: chrome, browserVersion: 147.0.7727.103, chrome: {chromedriverVersion: 147.0.7727.117 (474cc805edd..., userDataDir: C:\Users\91708\AppData\Loca...}, fedcm:accounts: true, goog:chromeOptions: {debuggerAddress: localhost:57331}, goog:processID: 20200, networkConnectionEnabled: false, pageLoadStrategy: normal, platformName: windows, proxy: Proxy(), se:cdp: ws://localhost:57331/devtoo..., se:cdpVersion: 147.0.7727.103, setWindowRect: true, strictFileInteractability: false, timeouts: {implicit: 0, pageLoad: 300000, script: 30000}, unhandledPromptBehavior: dismiss and notify, webauthn:extension:credBlob: true, webauthn:extension:largeBlob: true, webauthn:extension:minPinLength: true, webauthn:extension:prf: true, webauthn:virtualAuthenticators: true}
Session ID: 65dc93bc1ed45127b1e20ae54ea45a40
2026-04-26 13:18:00 [main] ERROR ActionDriver - not able to enter:no such element: Unable to locate element: {"method":"css selector","selector":"*[name='username']"}
  (Session info: chrome=147.0.7727.103)
For documentation on this error, please visit: https://www.selenium.dev/documentation/webdriver/troubleshooting/errors#no-such-element-exception
Build info: version: '4.18.0', revision: 'b6bf9de7cc*'
System info: os.name: 'Windows 11', os.arch: 'amd64', os.version: '10.0', java.version: '25.0.1'
Driver info: org.openqa.selenium.chrome.ChromeDriver
Command: [65dc93bc1ed45127b1e20ae54ea45a40, findElement {using=name, value=username}]
Capabilities {acceptInsecureCerts: false, browserName: chrome, browserVersion: 147.0.7727.103, chrome: {chromedriverVersion: 147.0.7727.117 (474cc805edd..., userDataDir: C:\Users\91708\AppData\Loca...}, fedcm:accounts: true, goog:chromeOptions: {debuggerAddress: localhost:57331}, goog:processID: 20200, networkConnectionEnabled: false, pageLoadStrategy: normal, platformName: windows, proxy: Proxy(), se:cdp: ws://localhost:57331/devtoo..., se:cdpVersion: 147.0.7727.103, setWindowRect: true, strictFileInteractability: false, timeouts: {implicit: 0, pageLoad: 300000, script: 30000}, unhandledPromptBehavior: dismiss and notify, webauthn:extension:credBlob: true, webauthn:extension:largeBlob: true, webauthn:extension:minPinLength: true, webauthn:extension:prf: true, webauthn:virtualAuthenticators: true}
Session ID: 65dc93bc1ed45127b1e20ae54ea45a40
2026-04-26 13:18:11 [main] ERROR ActionDriver - element not visible:Expected condition failed: waiting for visibility of element located by By.name: password (tried for 10 second(s) with 500 milliseconds interval)
Build info: version: '4.18.0', revision: 'b6bf9de7cc*'
System info: os.name: 'Windows 11', os.arch: 'amd64', os.version: '10.0', java.version: '25.0.1'
Driver info: org.openqa.selenium.chrome.ChromeDriver
Capabilities {acceptInsecureCerts: false, browserName: chrome, browserVersion: 147.0.7727.103, chrome: {chromedriverVersion: 147.0.7727.117 (474cc805edd..., userDataDir: C:\Users\91708\AppData\Loca...}, fedcm:accounts: true, goog:chromeOptions: {debuggerAddress: localhost:57331}, goog:processID: 20200, networkConnectionEnabled: false, pageLoadStrategy: normal, platformName: windows, proxy: Proxy(), se:cdp: ws://localhost:57331/devtoo..., se:cdpVersion: 147.0.7727.103, setWindowRect: true, strictFileInteractability: false, timeouts: {implicit: 0, pageLoad: 300000, script: 30000}, unhandledPromptBehavior: dismiss and notify, webauthn:extension:credBlob: true, webauthn:extension:largeBlob: true, webauthn:extension:minPinLength: true, webauthn:extension:prf: true, webauthn:virtualAuthenticators: true}
Session ID: 65dc93bc1ed45127b1e20ae54ea45a40
2026-04-26 13:18:21 [main] ERROR ActionDriver - not able to enter:no such element: Unable to locate element: {"method":"css selector","selector":"*[name='password']"}
  (Session info: chrome=147.0.7727.103)
For documentation on this error, please visit: https://www.selenium.dev/documentation/webdriver/troubleshooting/errors#no-such-element-exception
Build info: version: '4.18.0', revision: 'b6bf9de7cc*'
System info: os.name: 'Windows 11', os.arch: 'amd64', os.version: '10.0', java.version: '25.0.1'
Driver info: org.openqa.selenium.chrome.ChromeDriver
Command: [65dc93bc1ed45127b1e20ae54ea45a40, findElement {using=name, value=password}]
Capabilities {acceptInsecureCerts: false, browserName: chrome, browserVersion: 147.0.7727.103, chrome: {chromedriverVersion: 147.0.7727.117 (474cc805edd..., userDataDir: C:\Users\91708\AppData\Loca...}, fedcm:accounts: true, goog:chromeOptions: {debuggerAddress: localhost:57331}, goog:processID: 20200, networkConnectionEnabled: false, pageLoadStrategy: normal, platformName: windows, proxy: Proxy(), se:cdp: ws://localhost:57331/devtoo..., se:cdpVersion: 147.0.7727.103, setWindowRect: true, strictFileInteractability: false, timeouts: {implicit: 0, pageLoad: 300000, script: 30000}, unhandledPromptBehavior: dismiss and notify, webauthn:extension:credBlob: true, webauthn:extension:largeBlob: true, webauthn:extension:minPinLength: true, webauthn:extension:prf: true, webauthn:virtualAuthenticators: true}
Session ID: 65dc93bc1ed45127b1e20ae54ea45a40
2026-04-26 13:18:33 [main] ERROR ActionDriver - element not visible:Expected condition failed: waiting for visibility of element located by By.xpath: //span[text()='Admin'] (tried for 10 second(s) with 500 milliseconds interval)
Build info: version: '4.18.0', revision: 'b6bf9de7cc*'
System info: os.name: 'Windows 11', os.arch: 'amd64', os.version: '10.0', java.version: '25.0.1'
Driver info: org.openqa.selenium.chrome.ChromeDriver
Capabilities {acceptInsecureCerts: false, browserName: chrome, browserVersion: 147.0.7727.103, chrome: {chromedriverVersion: 147.0.7727.117 (474cc805edd..., userDataDir: C:\Users\91708\AppData\Loca...}, fedcm:accounts: true, goog:chromeOptions: {debuggerAddress: localhost:57331}, goog:processID: 20200, networkConnectionEnabled: false, pageLoadStrategy: normal, platformName: windows, proxy: Proxy(), se:cdp: ws://localhost:57331/devtoo..., se:cdpVersion: 147.0.7727.103, setWindowRect: true, strictFileInteractability: false, timeouts: {implicit: 0, pageLoad: 300000, script: 30000}, unhandledPromptBehavior: dismiss and notify, webauthn:extension:credBlob: true, webauthn:extension:largeBlob: true, webauthn:extension:minPinLength: true, webauthn:extension:prf: true, webauthn:virtualAuthenticators: true}
Session ID: 65dc93bc1ed45127b1e20ae54ea45a40
2026-04-26 13:18:43 [main] ERROR ActionDriver - not displayed yet:no such element: Unable to locate element: {"method":"xpath","selector":"//span[text()='Admin']"}
  (Session info: chrome=147.0.7727.103)
For documentation on this error, please visit: https://www.selenium.dev/documentation/webdriver/troubleshooting/errors#no-such-element-exception
Build info: version: '4.18.0', revision: 'b6bf9de7cc*'
System info: os.name: 'Windows 11', os.arch: 'amd64', os.version: '10.0', java.version: '25.0.1'
Driver info: org.openqa.selenium.chrome.ChromeDriver
Command: [65dc93bc1ed45127b1e20ae54ea45a40, findElement {using=xpath, value=//span[text()='Admin']}]
Capabilities {acceptInsecureCerts: false, browserName: chrome, browserVersion: 147.0.7727.103, chrome: {chromedriverVersion: 147.0.7727.117 (474cc805edd..., userDataDir: C:\Users\91708\AppData\Loca...}, fedcm:accounts: true, goog:chromeOptions: {debuggerAddress: localhost:57331}, goog:processID: 20200, networkConnectionEnabled: false, pageLoadStrategy: normal, platformName: windows, proxy: Proxy(), se:cdp: ws://localhost:57331/devtoo..., se:cdpVersion: 147.0.7727.103, setWindowRect: true, strictFileInteractability: false, timeouts: {implicit: 0, pageLoad: 300000, script: 30000}, unhandledPromptBehavior: dismiss and notify, webauthn:extension:credBlob: true, webauthn:extension:largeBlob: true, webauthn:extension:minPinLength: true, webauthn:extension:prf: true, webauthn:virtualAuthenticators: true}
Session ID: 65dc93bc1ed45127b1e20ae54ea45a40
2026-04-26 13:30:43 [main] ERROR BaseClass - this is error message
2026-04-26 13:30:43 [main] FATAL BaseClass - thus is fatal message
2026-04-26 13:30:54 [main] ERROR ActionDriver - element not visible:Expected condition failed: waiting for visibility of element located by By.xpath: //span[text()='Admin'] (tried for 10 second(s) with 500 milliseconds interval)
Build info: version: '4.18.0', revision: 'b6bf9de7cc*'
System info: os.name: 'Windows 11', os.arch: 'amd64', os.version: '10.0', java.version: '25.0.1'
Driver info: org.openqa.selenium.chrome.ChromeDriver
Capabilities {acceptInsecureCerts: false, browserName: chrome, browserVersion: 147.0.7727.103, chrome: {chromedriverVersion: 147.0.7727.117 (474cc805edd..., userDataDir: C:\Users\91708\AppData\Loca...}, fedcm:accounts: true, goog:chromeOptions: {debuggerAddress: localhost:62162}, goog:processID: 21816, networkConnectionEnabled: false, pageLoadStrategy: normal, platformName: windows, proxy: Proxy(), se:cdp: ws://localhost:62162/devtoo..., se:cdpVersion: 147.0.7727.103, setWindowRect: true, strictFileInteractability: false, timeouts: {implicit: 0, pageLoad: 300000, script: 30000}, unhandledPromptBehavior: dismiss and notify, webauthn:extension:credBlob: true, webauthn:extension:largeBlob: true, webauthn:extension:minPinLength: true, webauthn:extension:prf: true, webauthn:virtualAuthenticators: true}
Session ID: ba750543240c7b9cbe3f641cb1334ebc
2026-04-26 13:34:54 [main] ERROR BaseClass - this is error message
2026-04-26 13:34:54 [main] FATAL BaseClass - thus is fatal message
2026-04-26 13:35:08 [main] ERROR ActionDriver - element not visible:Expected condition failed: waiting for visibility of element located by By.xpath: //span[text()='Admin'] (tried for 10 second(s) with 500 milliseconds interval)
Build info: version: '4.18.0', revision: 'b6bf9de7cc*'
System info: os.name: 'Windows 11', os.arch: 'amd64', os.version: '10.0', java.version: '25.0.1'
Driver info: org.openqa.selenium.chrome.ChromeDriver
Capabilities {acceptInsecureCerts: false, browserName: chrome, browserVersion: 147.0.7727.103, chrome: {chromedriverVersion: 147.0.7727.117 (474cc805edd..., userDataDir: C:\Users\91708\AppData\Loca...}, fedcm:accounts: true, goog:chromeOptions: {debuggerAddress: localhost:64626}, goog:processID: 23296, networkConnectionEnabled: false, pageLoadStrategy: normal, platformName: windows, proxy: Proxy(), se:cdp: ws://localhost:64626/devtoo..., se:cdpVersion: 147.0.7727.103, setWindowRect: true, strictFileInteractability: false, timeouts: {implicit: 0, pageLoad: 300000, script: 30000}, unhandledPromptBehavior: dismiss and notify, webauthn:extension:credBlob: true, webauthn:extension:largeBlob: true, webauthn:extension:minPinLength: true, webauthn:extension:prf: true, webauthn:virtualAuthenticators: true}
Session ID: ea05b5012fe0ba86c0a6068544e168c4
2026-04-26 13:35:56 [main] ERROR BaseClass - this is error message
2026-04-26 13:35:56 [main] FATAL BaseClass - thus is fatal message
2026-04-26 13:36:49 [main] ERROR BaseClass - this is error message
2026-04-26 13:36:49 [main] FATAL BaseClass - thus is fatal message
2026-04-26 13:37:02 [main] ERROR ActionDriver - element not visible:Expected condition failed: waiting for visibility of element located by By.xpath: //span[text()='Admin'] (tried for 10 second(s) with 500 milliseconds interval)
Build info: version: '4.18.0', revision: 'b6bf9de7cc*'
System info: os.name: 'Windows 11', os.arch: 'amd64', os.version: '10.0', java.version: '25.0.1'
Driver info: org.openqa.selenium.chrome.ChromeDriver
Capabilities {acceptInsecureCerts: false, browserName: chrome, browserVersion: 147.0.7727.103, chrome: {chromedriverVersion: 147.0.7727.117 (474cc805edd..., userDataDir: C:\Users\91708\AppData\Loca...}, fedcm:accounts: true, goog:chromeOptions: {debuggerAddress: localhost:54123}, goog:processID: 21360, networkConnectionEnabled: false, pageLoadStrategy: normal, platformName: windows, proxy: Proxy(), se:cdp: ws://localhost:54123/devtoo..., se:cdpVersion: 147.0.7727.103, setWindowRect: true, strictFileInteractability: false, timeouts: {implicit: 0, pageLoad: 300000, script: 30000}, unhandledPromptBehavior: dismiss and notify, webauthn:extension:credBlob: true, webauthn:extension:largeBlob: true, webauthn:extension:minPinLength: true, webauthn:extension:prf: true, webauthn:virtualAuthenticators: true}
Session ID: ffd2a8af5cf8dc55b43118ac289c27af
2026-04-26 13:42:30 [main] ERROR BaseClass - this is error message
2026-04-26 13:42:30 [main] FATAL BaseClass - thus is fatal message
2026-04-26 13:42:43 [main] ERROR ActionDriver - element not visible:Expected condition failed: waiting for visibility of element located by By.xpath: //span[text()='Admin'] (tried for 10 second(s) with 500 milliseconds interval)
Build info: version: '4.18.0', revision: 'b6bf9de7cc*'
System info: os.name: 'Windows 11', os.arch: 'amd64', os.version: '10.0', java.version: '25.0.1'
Driver info: org.openqa.selenium.chrome.ChromeDriver
Capabilities {acceptInsecureCerts: false, browserName: chrome, browserVersion: 147.0.7727.103, chrome: {chromedriverVersion: 147.0.7727.117 (474cc805edd..., userDataDir: C:\Users\91708\AppData\Loca...}, fedcm:accounts: true, goog:chromeOptions: {debuggerAddress: localhost:52987}, goog:processID: 18436, networkConnectionEnabled: false, pageLoadStrategy: normal, platformName: windows, proxy: Proxy(), se:cdp: ws://localhost:52987/devtoo..., se:cdpVersion: 147.0.7727.103, setWindowRect: true, strictFileInteractability: false, timeouts: {implicit: 0, pageLoad: 300000, script: 30000}, unhandledPromptBehavior: dismiss and notify, webauthn:extension:credBlob: true, webauthn:extension:largeBlob: true, webauthn:extension:minPinLength: true, webauthn:extension:prf: true, webauthn:virtualAuthenticators: true}
Session ID: 9fa6f0576f984ff20f037977bf450def
2026-04-26 13:44:35 [main] ERROR BaseClass - this is error message
2026-04-26 13:44:35 [main] FATAL BaseClass - thus is fatal message
2026-04-26 13:44:48 [main] ERROR ActionDriver - element not visible:Expected condition failed: waiting for visibility of element located by By.xpath: //span[text()='Admin'] (tried for 10 second(s) with 500 milliseconds interval)
Build info: version: '4.18.0', revision: 'b6bf9de7cc*'
System info: os.name: 'Windows 11', os.arch: 'amd64', os.version: '10.0', java.version: '25.0.1'
Driver info: org.openqa.selenium.chrome.ChromeDriver
Capabilities {acceptInsecureCerts: false, browserName: chrome, browserVersion: 147.0.7727.103, chrome: {chromedriverVersion: 147.0.7727.117 (474cc805edd..., userDataDir: C:\Users\91708\AppData\Loca...}, fedcm:accounts: true, goog:chromeOptions: {debuggerAddress: localhost:50021}, goog:processID: 21008, networkConnectionEnabled: false, pageLoadStrategy: normal, platformName: windows, proxy: Proxy(), se:cdp: ws://localhost:50021/devtoo..., se:cdpVersion: 147.0.7727.103, setWindowRect: true, strictFileInteractability: false, timeouts: {implicit: 0, pageLoad: 300000, script: 30000}, unhandledPromptBehavior: dismiss and notify, webauthn:extension:credBlob: true, webauthn:extension:largeBlob: true, webauthn:extension:minPinLength: true, webauthn:extension:prf: true, webauthn:virtualAuthenticators: true}
Session ID: 2786f9590481e18bfc7522b692bcc722
2026-04-26 13:49:06 [main] ERROR BaseClass - this is error message
2026-04-26 13:49:06 [main] FATAL BaseClass - thus is fatal message
2026-04-26 14:03:19 [main] ERROR BaseClass - this is error message
2026-04-26 14:03:19 [main] FATAL BaseClass - thus is fatal message
2026-04-26 14:03:47 [main] ERROR BaseClass - this is error message
2026-04-26 14:03:47 [main] FATAL BaseClass - thus is fatal message
2026-04-26 14:03:56 [main] ERROR BaseClass - this is error message
2026-04-26 14:03:56 [main] FATAL BaseClass - thus is fatal message
2026-04-26 14:03:59 [main] ERROR ActionDriver - actual textInvalid credentialsas well asError messageare not equal
2026-04-26 14:07:01 [main] ERROR BaseClass - this is error message
2026-04-26 14:07:01 [main] FATAL BaseClass - thus is fatal message
2026-04-26 14:11:24 [main] ERROR BaseClass - this is error message
2026-04-26 14:11:24 [main] FATAL BaseClass - thus is fatal message
2026-04-26 14:16:14 [main] ERROR BaseClass - this is error message
2026-04-26 14:16:14 [main] FATAL BaseClass - thus is fatal message
2026-04-26 14:25:30 [main] ERROR BaseClass - this is error message
2026-04-26 14:25:30 [main] FATAL BaseClass - thus is fatal message
2026-04-26 14:29:06 [main] ERROR BaseClass - this is error message
2026-04-26 14:29:06 [main] FATAL BaseClass - thus is fatal message
2026-04-26 14:29:46 [main] ERROR BaseClass - this is error message
2026-04-26 14:29:46 [main] FATAL BaseClass - thus is fatal message
2026-04-26 14:30:03 [main] ERROR ActionDriver - element not clickable:Expected condition failed: waiting for element to be clickable: By.xpath: //span[text()='PIM'] (tried for 10 second(s) with 500 milliseconds interval)
Build info: version: '4.18.0', revision: 'b6bf9de7cc*'
System info: os.name: 'Windows 11', os.arch: 'amd64', os.version: '10.0', java.version: '25.0.1'
Driver info: org.openqa.selenium.chrome.ChromeDriver
Capabilities {acceptInsecureCerts: false, browserName: chrome, browserVersion: 147.0.7727.103, chrome: {chromedriverVersion: 147.0.7727.117 (474cc805edd..., userDataDir: C:\Users\91708\AppData\Loca...}, fedcm:accounts: true, goog:chromeOptions: {debuggerAddress: localhost:61514}, goog:processID: 23464, networkConnectionEnabled: false, pageLoadStrategy: normal, platformName: windows, proxy: Proxy(), se:cdp: ws://localhost:61514/devtoo..., se:cdpVersion: 147.0.7727.103, setWindowRect: true, strictFileInteractability: false, timeouts: {implicit: 0, pageLoad: 300000, script: 30000}, unhandledPromptBehavior: dismiss and notify, webauthn:extension:credBlob: true, webauthn:extension:largeBlob: true, webauthn:extension:minPinLength: true, webauthn:extension:prf: true, webauthn:virtualAuthenticators: true}
Session ID: 998dc31410c715387502c6991f90ebcc
2026-04-26 14:30:13 [main] ERROR ActionDriver - not able to click:element not interactable
  (Session info: chrome=147.0.7727.103)
Build info: version: '4.18.0', revision: 'b6bf9de7cc*'
System info: os.name: 'Windows 11', os.arch: 'amd64', os.version: '10.0', java.version: '25.0.1'
Driver info: org.openqa.selenium.chrome.ChromeDriver
Command: [998dc31410c715387502c6991f90ebcc, clickElement {id=f.3B7611CA1275F680A3332303D334E257.d.BADFEABE4B39AF582411F0C208364F35.e.27}]
Capabilities {acceptInsecureCerts: false, browserName: chrome, browserVersion: 147.0.7727.103, chrome: {chromedriverVersion: 147.0.7727.117 (474cc805edd..., userDataDir: C:\Users\91708\AppData\Loca...}, fedcm:accounts: true, goog:chromeOptions: {debuggerAddress: localhost:61514}, goog:processID: 23464, networkConnectionEnabled: false, pageLoadStrategy: normal, platformName: windows, proxy: Proxy(), se:cdp: ws://localhost:61514/devtoo..., se:cdpVersion: 147.0.7727.103, setWindowRect: true, strictFileInteractability: false, timeouts: {implicit: 0, pageLoad: 300000, script: 30000}, unhandledPromptBehavior: dismiss and notify, webauthn:extension:credBlob: true, webauthn:extension:largeBlob: true, webauthn:extension:minPinLength: true, webauthn:extension:prf: true, webauthn:virtualAuthenticators: true}
Element: [[ChromeDriver: chrome on windows (998dc31410c715387502c6991f90ebcc)] -> xpath: //span[text()='PIM']]
Session ID: 998dc31410c715387502c6991f90ebcc
2026-04-26 14:30:23 [main] ERROR ActionDriver - element not visible:Expected condition failed: waiting for presence of element located by: By.xpath: //label[text()='Employee Name']//parent::div/following-sibling::div/div//input (tried for 10 second(s) with 500 milliseconds interval)
2026-04-26 14:30:33 [main] ERROR ActionDriver - not able to enter:no such element: Unable to locate element: {"method":"xpath","selector":"//label[text()='Employee Name']//parent::div/following-sibling::div/div//input"}
  (Session info: chrome=147.0.7727.103)
For documentation on this error, please visit: https://www.selenium.dev/documentation/webdriver/troubleshooting/errors#no-such-element-exception
Build info: version: '4.18.0', revision: 'b6bf9de7cc*'
System info: os.name: 'Windows 11', os.arch: 'amd64', os.version: '10.0', java.version: '25.0.1'
Driver info: org.openqa.selenium.chrome.ChromeDriver
Command: [998dc31410c715387502c6991f90ebcc, findElement {value=//label[text()='Employee Name']//parent::div/following-sibling::div/div//input, using=xpath}]
Capabilities {acceptInsecureCerts: false, browserName: chrome, browserVersion: 147.0.7727.103, chrome: {chromedriverVersion: 147.0.7727.117 (474cc805edd..., userDataDir: C:\Users\91708\AppData\Loca...}, fedcm:accounts: true, goog:chromeOptions: {debuggerAddress: localhost:61514}, goog:processID: 23464, networkConnectionEnabled: false, pageLoadStrategy: normal, platformName: windows, proxy: Proxy(), se:cdp: ws://localhost:61514/devtoo..., se:cdpVersion: 147.0.7727.103, setWindowRect: true, strictFileInteractability: false, timeouts: {implicit: 0, pageLoad: 300000, script: 30000}, unhandledPromptBehavior: dismiss and notify, webauthn:extension:credBlob: true, webauthn:extension:largeBlob: true, webauthn:extension:minPinLength: true, webauthn:extension:prf: true, webauthn:virtualAuthenticators: true}
Session ID: 998dc31410c715387502c6991f90ebcc
2026-04-26 14:32:20 [main] ERROR BaseClass - this is error message
2026-04-26 14:32:20 [main] FATAL BaseClass - thus is fatal message
2026-04-26 14:32:26 [main] ERROR ActionDriver - actual textInvalid credentialsas well asError messageare not equal
2026-04-26 14:32:43 [main] ERROR BaseClass - this is error message
2026-04-26 14:32:43 [main] FATAL BaseClass - thus is fatal message
2026-04-26 14:32:59 [main] ERROR ActionDriver - element not clickable:Expected condition failed: waiting for element to be clickable: By.xpath: //span[text()='PIM'] (tried for 10 second(s) with 500 milliseconds interval)
Build info: version: '4.18.0', revision: 'b6bf9de7cc*'
System info: os.name: 'Windows 11', os.arch: 'amd64', os.version: '10.0', java.version: '25.0.1'
Driver info: org.openqa.selenium.chrome.ChromeDriver
Capabilities {acceptInsecureCerts: false, browserName: chrome, browserVersion: 147.0.7727.103, chrome: {chromedriverVersion: 147.0.7727.117 (474cc805edd..., userDataDir: C:\Users\91708\AppData\Loca...}, fedcm:accounts: true, goog:chromeOptions: {debuggerAddress: localhost:54914}, goog:processID: 23416, networkConnectionEnabled: false, pageLoadStrategy: normal, platformName: windows, proxy: Proxy(), se:cdp: ws://localhost:54914/devtoo..., se:cdpVersion: 147.0.7727.103, setWindowRect: true, strictFileInteractability: false, timeouts: {implicit: 0, pageLoad: 300000, script: 30000}, unhandledPromptBehavior: dismiss and notify, webauthn:extension:credBlob: true, webauthn:extension:largeBlob: true, webauthn:extension:minPinLength: true, webauthn:extension:prf: true, webauthn:virtualAuthenticators: true}
Session ID: caf5e6ff350345e6be845f757582773b
2026-04-26 14:33:09 [main] ERROR ActionDriver - not able to click:element not interactable
  (Session info: chrome=147.0.7727.103)
Build info: version: '4.18.0', revision: 'b6bf9de7cc*'
System info: os.name: 'Windows 11', os.arch: 'amd64', os.version: '10.0', java.version: '25.0.1'
Driver info: org.openqa.selenium.chrome.ChromeDriver
Command: [caf5e6ff350345e6be845f757582773b, clickElement {id=f.5A23CAB8F18E1EDE8BC9409A26EE275D.d.CFE3C118DCDAC425C380BC4B3E908791.e.26}]
Capabilities {acceptInsecureCerts: false, browserName: chrome, browserVersion: 147.0.7727.103, chrome: {chromedriverVersion: 147.0.7727.117 (474cc805edd..., userDataDir: C:\Users\91708\AppData\Loca...}, fedcm:accounts: true, goog:chromeOptions: {debuggerAddress: localhost:54914}, goog:processID: 23416, networkConnectionEnabled: false, pageLoadStrategy: normal, platformName: windows, proxy: Proxy(), se:cdp: ws://localhost:54914/devtoo..., se:cdpVersion: 147.0.7727.103, setWindowRect: true, strictFileInteractability: false, timeouts: {implicit: 0, pageLoad: 300000, script: 30000}, unhandledPromptBehavior: dismiss and notify, webauthn:extension:credBlob: true, webauthn:extension:largeBlob: true, webauthn:extension:minPinLength: true, webauthn:extension:prf: true, webauthn:virtualAuthenticators: true}
Element: [[ChromeDriver: chrome on windows (caf5e6ff350345e6be845f757582773b)] -> xpath: //span[text()='PIM']]
Session ID: caf5e6ff350345e6be845f757582773b
2026-04-26 14:33:19 [main] ERROR ActionDriver - element not visible:Expected condition failed: waiting for presence of element located by: By.xpath: //label[text()='Employee Name']//parent::div/following-sibling::div/div//input (tried for 10 second(s) with 500 milliseconds interval)
2026-04-26 14:33:30 [main] ERROR ActionDriver - not able to enter:no such element: Unable to locate element: {"method":"xpath","selector":"//label[text()='Employee Name']//parent::div/following-sibling::div/div//input"}
  (Session info: chrome=147.0.7727.103)
For documentation on this error, please visit: https://www.selenium.dev/documentation/webdriver/troubleshooting/errors#no-such-element-exception
Build info: version: '4.18.0', revision: 'b6bf9de7cc*'
System info: os.name: 'Windows 11', os.arch: 'amd64', os.version: '10.0', java.version: '25.0.1'
Driver info: org.openqa.selenium.chrome.ChromeDriver
Command: [caf5e6ff350345e6be845f757582773b, findElement {value=//label[text()='Employee Name']//parent::div/following-sibling::div/div//input, using=xpath}]
Capabilities {acceptInsecureCerts: false, browserName: chrome, browserVersion: 147.0.7727.103, chrome: {chromedriverVersion: 147.0.7727.117 (474cc805edd..., userDataDir: C:\Users\91708\AppData\Loca...}, fedcm:accounts: true, goog:chromeOptions: {debuggerAddress: localhost:54914}, goog:processID: 23416, networkConnectionEnabled: false, pageLoadStrategy: normal, platformName: windows, proxy: Proxy(), se:cdp: ws://localhost:54914/devtoo..., se:cdpVersion: 147.0.7727.103, setWindowRect: true, strictFileInteractability: false, timeouts: {implicit: 0, pageLoad: 300000, script: 30000}, unhandledPromptBehavior: dismiss and notify, webauthn:extension:credBlob: true, webauthn:extension:largeBlob: true, webauthn:extension:minPinLength: true, webauthn:extension:prf: true, webauthn:virtualAuthenticators: true}
Session ID: caf5e6ff350345e6be845f757582773b
2026-04-26 14:35:50 [main] ERROR BaseClass - this is error message
2026-04-26 14:35:50 [main] FATAL BaseClass - thus is fatal message
2026-04-26 14:36:08 [main] ERROR ActionDriver - element not clickable:Expected condition failed: waiting for element to be clickable: By.xpath: //span[text()='PIM'] (tried for 10 second(s) with 500 milliseconds interval)
Build info: version: '4.18.0', revision: 'b6bf9de7cc*'
System info: os.name: 'Windows 11', os.arch: 'amd64', os.version: '10.0', java.version: '25.0.1'
Driver info: org.openqa.selenium.chrome.ChromeDriver
Capabilities {acceptInsecureCerts: false, browserName: chrome, browserVersion: 147.0.7727.103, chrome: {chromedriverVersion: 147.0.7727.117 (474cc805edd..., userDataDir: C:\Users\91708\AppData\Loca...}, fedcm:accounts: true, goog:chromeOptions: {debuggerAddress: localhost:51914}, goog:processID: 2612, networkConnectionEnabled: false, pageLoadStrategy: normal, platformName: windows, proxy: Proxy(), se:cdp: ws://localhost:51914/devtoo..., se:cdpVersion: 147.0.7727.103, setWindowRect: true, strictFileInteractability: false, timeouts: {implicit: 0, pageLoad: 300000, script: 30000}, unhandledPromptBehavior: dismiss and notify, webauthn:extension:credBlob: true, webauthn:extension:largeBlob: true, webauthn:extension:minPinLength: true, webauthn:extension:prf: true, webauthn:virtualAuthenticators: true}
Session ID: 9af39c7b9f907eb9a76b5b54bfabff70
2026-04-26 14:36:18 [main] ERROR ActionDriver - not able to click:element not interactable
  (Session info: chrome=147.0.7727.103)
Build info: version: '4.18.0', revision: 'b6bf9de7cc*'
System info: os.name: 'Windows 11', os.arch: 'amd64', os.version: '10.0', java.version: '25.0.1'
Driver info: org.openqa.selenium.chrome.ChromeDriver
Command: [9af39c7b9f907eb9a76b5b54bfabff70, clickElement {id=f.8E367DB010112C4147331D8491100B77.d.C9E613BCDBA463289E05A05BDEDA59BF.e.24}]
Capabilities {acceptInsecureCerts: false, browserName: chrome, browserVersion: 147.0.7727.103, chrome: {chromedriverVersion: 147.0.7727.117 (474cc805edd..., userDataDir: C:\Users\91708\AppData\Loca...}, fedcm:accounts: true, goog:chromeOptions: {debuggerAddress: localhost:51914}, goog:processID: 2612, networkConnectionEnabled: false, pageLoadStrategy: normal, platformName: windows, proxy: Proxy(), se:cdp: ws://localhost:51914/devtoo..., se:cdpVersion: 147.0.7727.103, setWindowRect: true, strictFileInteractability: false, timeouts: {implicit: 0, pageLoad: 300000, script: 30000}, unhandledPromptBehavior: dismiss and notify, webauthn:extension:credBlob: true, webauthn:extension:largeBlob: true, webauthn:extension:minPinLength: true, webauthn:extension:prf: true, webauthn:virtualAuthenticators: true}
Element: [[ChromeDriver: chrome on windows (9af39c7b9f907eb9a76b5b54bfabff70)] -> xpath: //span[text()='PIM']]
Session ID: 9af39c7b9f907eb9a76b5b54bfabff70
2026-04-26 14:36:28 [main] ERROR ActionDriver - element not visible:Expected condition failed: waiting for presence of element located by: By.xpath: //label[text()='Employee Name']//parent::div/following-sibling::div/div//input (tried for 10 second(s) with 500 milliseconds interval)
2026-04-26 14:36:38 [main] ERROR ActionDriver - not able to enter:no such element: Unable to locate element: {"method":"xpath","selector":"//label[text()='Employee Name']//parent::div/following-sibling::div/div//input"}
  (Session info: chrome=147.0.7727.103)
For documentation on this error, please visit: https://www.selenium.dev/documentation/webdriver/troubleshooting/errors#no-such-element-exception
Build info: version: '4.18.0', revision: 'b6bf9de7cc*'
System info: os.name: 'Windows 11', os.arch: 'amd64', os.version: '10.0', java.version: '25.0.1'
Driver info: org.openqa.selenium.chrome.ChromeDriver
Command: [9af39c7b9f907eb9a76b5b54bfabff70, findElement {value=//label[text()='Employee Name']//parent::div/following-sibling::div/div//input, using=xpath}]
Capabilities {acceptInsecureCerts: false, browserName: chrome, browserVersion: 147.0.7727.103, chrome: {chromedriverVersion: 147.0.7727.117 (474cc805edd..., userDataDir: C:\Users\91708\AppData\Loca...}, fedcm:accounts: true, goog:chromeOptions: {debuggerAddress: localhost:51914}, goog:processID: 2612, networkConnectionEnabled: false, pageLoadStrategy: normal, platformName: windows, proxy: Proxy(), se:cdp: ws://localhost:51914/devtoo..., se:cdpVersion: 147.0.7727.103, setWindowRect: true, strictFileInteractability: false, timeouts: {implicit: 0, pageLoad: 300000, script: 30000}, unhandledPromptBehavior: dismiss and notify, webauthn:extension:credBlob: true, webauthn:extension:largeBlob: true, webauthn:extension:minPinLength: true, webauthn:extension:prf: true, webauthn:virtualAuthenticators: true}
Session ID: 9af39c7b9f907eb9a76b5b54bfabff70
2026-04-26 14:44:21 [main] ERROR BaseClass - this is error message
2026-04-26 14:44:21 [main] FATAL BaseClass - thus is fatal message
2026-04-26 14:44:38 [main] ERROR ActionDriver - element not clickable:Expected condition failed: waiting for element to be clickable: By.xpath: //span[text()='PIM'] (tried for 10 second(s) with 500 milliseconds interval)
Build info: version: '4.18.0', revision: 'b6bf9de7cc*'
System info: os.name: 'Windows 11', os.arch: 'amd64', os.version: '10.0', java.version: '25.0.1'
Driver info: org.openqa.selenium.chrome.ChromeDriver
Capabilities {acceptInsecureCerts: false, browserName: chrome, browserVersion: 147.0.7727.103, chrome: {chromedriverVersion: 147.0.7727.117 (474cc805edd..., userDataDir: C:\Users\91708\AppData\Loca...}, fedcm:accounts: true, goog:chromeOptions: {debuggerAddress: localhost:58066}, goog:processID: 11232, networkConnectionEnabled: false, pageLoadStrategy: normal, platformName: windows, proxy: Proxy(), se:cdp: ws://localhost:58066/devtoo..., se:cdpVersion: 147.0.7727.103, setWindowRect: true, strictFileInteractability: false, timeouts: {implicit: 0, pageLoad: 300000, script: 30000}, unhandledPromptBehavior: dismiss and notify, webauthn:extension:credBlob: true, webauthn:extension:largeBlob: true, webauthn:extension:minPinLength: true, webauthn:extension:prf: true, webauthn:virtualAuthenticators: true}
Session ID: a2375cb48f1283fa46dd460caca6df6d
2026-04-26 14:44:48 [main] ERROR ActionDriver - not able to click:element not interactable
  (Session info: chrome=147.0.7727.103)
Build info: version: '4.18.0', revision: 'b6bf9de7cc*'
System info: os.name: 'Windows 11', os.arch: 'amd64', os.version: '10.0', java.version: '25.0.1'
Driver info: org.openqa.selenium.chrome.ChromeDriver
Command: [a2375cb48f1283fa46dd460caca6df6d, clickElement {id=f.96841593F52E917F82D316CF99A561AE.d.F5B669A5270D20141CB870F27A7E5AC2.e.25}]
Capabilities {acceptInsecureCerts: false, browserName: chrome, browserVersion: 147.0.7727.103, chrome: {chromedriverVersion: 147.0.7727.117 (474cc805edd..., userDataDir: C:\Users\91708\AppData\Loca...}, fedcm:accounts: true, goog:chromeOptions: {debuggerAddress: localhost:58066}, goog:processID: 11232, networkConnectionEnabled: false, pageLoadStrategy: normal, platformName: windows, proxy: Proxy(), se:cdp: ws://localhost:58066/devtoo..., se:cdpVersion: 147.0.7727.103, setWindowRect: true, strictFileInteractability: false, timeouts: {implicit: 0, pageLoad: 300000, script: 30000}, unhandledPromptBehavior: dismiss and notify, webauthn:extension:credBlob: true, webauthn:extension:largeBlob: true, webauthn:extension:minPinLength: true, webauthn:extension:prf: true, webauthn:virtualAuthenticators: true}
Element: [[ChromeDriver: chrome on windows (a2375cb48f1283fa46dd460caca6df6d)] -> xpath: //span[text()='PIM']]
Session ID: a2375cb48f1283fa46dd460caca6df6d
2026-04-26 14:44:59 [main] ERROR ActionDriver - element not visible:Expected condition failed: waiting for presence of element located by: By.xpath: //label[text()='Employee Name']//parent::div/following-sibling::div/div//input (tried for 10 second(s) with 500 milliseconds interval)
2026-04-26 14:45:09 [main] ERROR ActionDriver - not able to enter:no such element: Unable to locate element: {"method":"xpath","selector":"//label[text()='Employee Name']//parent::div/following-sibling::div/div//input"}
  (Session info: chrome=147.0.7727.103)
For documentation on this error, please visit: https://www.selenium.dev/documentation/webdriver/troubleshooting/errors#no-such-element-exception
Build info: version: '4.18.0', revision: 'b6bf9de7cc*'
System info: os.name: 'Windows 11', os.arch: 'amd64', os.version: '10.0', java.version: '25.0.1'
Driver info: org.openqa.selenium.chrome.ChromeDriver
Command: [a2375cb48f1283fa46dd460caca6df6d, findElement {using=xpath, value=//label[text()='Employee Name']//parent::div/following-sibling::div/div//input}]
Capabilities {acceptInsecureCerts: false, browserName: chrome, browserVersion: 147.0.7727.103, chrome: {chromedriverVersion: 147.0.7727.117 (474cc805edd..., userDataDir: C:\Users\91708\AppData\Loca...}, fedcm:accounts: true, goog:chromeOptions: {debuggerAddress: localhost:58066}, goog:processID: 11232, networkConnectionEnabled: false, pageLoadStrategy: normal, platformName: windows, proxy: Proxy(), se:cdp: ws://localhost:58066/devtoo..., se:cdpVersion: 147.0.7727.103, setWindowRect: true, strictFileInteractability: false, timeouts: {implicit: 0, pageLoad: 300000, script: 30000}, unhandledPromptBehavior: dismiss and notify, webauthn:extension:credBlob: true, webauthn:extension:largeBlob: true, webauthn:extension:minPinLength: true, webauthn:extension:prf: true, webauthn:virtualAuthenticators: true}
Session ID: a2375cb48f1283fa46dd460caca6df6d
2026-04-26 14:45:29 [main] ERROR ActionDriver - element not clickable:Expected condition failed: waiting for element to be clickable: By.xpath: //button[@type='submit'] (tried for 10 second(s) with 500 milliseconds interval)
Build info: version: '4.18.0', revision: 'b6bf9de7cc*'
System info: os.name: 'Windows 11', os.arch: 'amd64', os.version: '10.0', java.version: '25.0.1'
Driver info: org.openqa.selenium.chrome.ChromeDriver
Capabilities {acceptInsecureCerts: false, browserName: chrome, browserVersion: 147.0.7727.103, chrome: {chromedriverVersion: 147.0.7727.117 (474cc805edd..., userDataDir: C:\Users\91708\AppData\Loca...}, fedcm:accounts: true, goog:chromeOptions: {debuggerAddress: localhost:58066}, goog:processID: 11232, networkConnectionEnabled: false, pageLoadStrategy: normal, platformName: windows, proxy: Proxy(), se:cdp: ws://localhost:58066/devtoo..., se:cdpVersion: 147.0.7727.103, setWindowRect: true, strictFileInteractability: false, timeouts: {implicit: 0, pageLoad: 300000, script: 30000}, unhandledPromptBehavior: dismiss and notify, webauthn:extension:credBlob: true, webauthn:extension:largeBlob: true, webauthn:extension:minPinLength: true, webauthn:extension:prf: true, webauthn:virtualAuthenticators: true}
Session ID: a2375cb48f1283fa46dd460caca6df6d
2026-04-26 14:45:39 [main] ERROR ActionDriver - not able to click:no such element: Unable to locate element: {"method":"xpath","selector":"//button[@type='submit']"}
  (Session info: chrome=147.0.7727.103)
For documentation on this error, please visit: https://www.selenium.dev/documentation/webdriver/troubleshooting/errors#no-such-element-exception
Build info: version: '4.18.0', revision: 'b6bf9de7cc*'
System info: os.name: 'Windows 11', os.arch: 'amd64', os.version: '10.0', java.version: '25.0.1'
Driver info: org.openqa.selenium.chrome.ChromeDriver
Command: [a2375cb48f1283fa46dd460caca6df6d, findElement {using=xpath, value=//button[@type='submit']}]
Capabilities {acceptInsecureCerts: false, browserName: chrome, browserVersion: 147.0.7727.103, chrome: {chromedriverVersion: 147.0.7727.117 (474cc805edd..., userDataDir: C:\Users\91708\AppData\Loca...}, fedcm:accounts: true, goog:chromeOptions: {debuggerAddress: localhost:58066}, goog:processID: 11232, networkConnectionEnabled: false, pageLoadStrategy: normal, platformName: windows, proxy: Proxy(), se:cdp: ws://localhost:58066/devtoo..., se:cdpVersion: 147.0.7727.103, setWindowRect: true, strictFileInteractability: false, timeouts: {implicit: 0, pageLoad: 300000, script: 30000}, unhandledPromptBehavior: dismiss and notify, webauthn:extension:credBlob: true, webauthn:extension:largeBlob: true, webauthn:extension:minPinLength: true, webauthn:extension:prf: true, webauthn:virtualAuthenticators: true}
Session ID: a2375cb48f1283fa46dd460caca6df6d
2026-04-26 14:45:49 [main] ERROR ActionDriver - unable to locate element:no such element: Unable to locate element: {"method":"xpath","selector":"//div[@class='oxd-table-card']/div/div[3]"}
  (Session info: chrome=147.0.7727.103)
For documentation on this error, please visit: https://www.selenium.dev/documentation/webdriver/troubleshooting/errors#no-such-element-exception
Build info: version: '4.18.0', revision: 'b6bf9de7cc*'
System info: os.name: 'Windows 11', os.arch: 'amd64', os.version: '10.0', java.version: '25.0.1'
Driver info: org.openqa.selenium.chrome.ChromeDriver
Command: [a2375cb48f1283fa46dd460caca6df6d, findElement {using=xpath, value=//div[@class='oxd-table-card']/div/div[3]}]
Capabilities {acceptInsecureCerts: false, browserName: chrome, browserVersion: 147.0.7727.103, chrome: {chromedriverVersion: 147.0.7727.117 (474cc805edd..., userDataDir: C:\Users\91708\AppData\Loca...}, fedcm:accounts: true, goog:chromeOptions: {debuggerAddress: localhost:58066}, goog:processID: 11232, networkConnectionEnabled: false, pageLoadStrategy: normal, platformName: windows, proxy: Proxy(), se:cdp: ws://localhost:58066/devtoo..., se:cdpVersion: 147.0.7727.103, setWindowRect: true, strictFileInteractability: false, timeouts: {implicit: 0, pageLoad: 300000, script: 30000}, unhandledPromptBehavior: dismiss and notify, webauthn:extension:credBlob: true, webauthn:extension:largeBlob: true, webauthn:extension:minPinLength: true, webauthn:extension:prf: true, webauthn:virtualAuthenticators: true}
Session ID: a2375cb48f1283fa46dd460caca6df6d
2026-04-26 14:45:59 [main] ERROR ActionDriver - element not visible:Expected condition failed: waiting for presence of element located by: By.xpath: //div[@class='oxd-table-card']/div/div[3] (tried for 10 second(s) with 500 milliseconds interval)
2026-04-26 14:46:09 [main] ERROR ActionDriver - this stringMayanktestis not equalno such element: Unable to locate element: {"method":"xpath","selector":"//div[@class='oxd-table-card']/div/div[3]"}
  (Session info: chrome=147.0.7727.103)
For documentation on this error, please visit: https://www.selenium.dev/documentation/webdriver/troubleshooting/errors#no-such-element-exception
Build info: version: '4.18.0', revision: 'b6bf9de7cc*'
System info: os.name: 'Windows 11', os.arch: 'amd64', os.version: '10.0', java.version: '25.0.1'
Driver info: org.openqa.selenium.chrome.ChromeDriver
Command: [a2375cb48f1283fa46dd460caca6df6d, findElement {using=xpath, value=//div[@class='oxd-table-card']/div/div[3]}]
Capabilities {acceptInsecureCerts: false, browserName: chrome, browserVersion: 147.0.7727.103, chrome: {chromedriverVersion: 147.0.7727.117 (474cc805edd..., userDataDir: C:\Users\91708\AppData\Loca...}, fedcm:accounts: true, goog:chromeOptions: {debuggerAddress: localhost:58066}, goog:processID: 11232, networkConnectionEnabled: false, pageLoadStrategy: normal, platformName: windows, proxy: Proxy(), se:cdp: ws://localhost:58066/devtoo..., se:cdpVersion: 147.0.7727.103, setWindowRect: true, strictFileInteractability: false, timeouts: {implicit: 0, pageLoad: 300000, script: 30000}, unhandledPromptBehavior: dismiss and notify, webauthn:extension:credBlob: true, webauthn:extension:largeBlob: true, webauthn:extension:minPinLength: true, webauthn:extension:prf: true, webauthn:virtualAuthenticators: true}
Session ID: a2375cb48f1283fa46dd460caca6df6d
2026-04-26 14:46:19 [main] ERROR ActionDriver - element not visible:Expected condition failed: waiting for presence of element located by: By.xpath: //div[@class='oxd-table-card']/div/div[4] (tried for 10 second(s) with 500 milliseconds interval)
2026-04-26 14:46:29 [main] ERROR ActionDriver - this stringKumaris not equalno such element: Unable to locate element: {"method":"xpath","selector":"//div[@class='oxd-table-card']/div/div[4]"}
  (Session info: chrome=147.0.7727.103)
For documentation on this error, please visit: https://www.selenium.dev/documentation/webdriver/troubleshooting/errors#no-such-element-exception
Build info: version: '4.18.0', revision: 'b6bf9de7cc*'
System info: os.name: 'Windows 11', os.arch: 'amd64', os.version: '10.0', java.version: '25.0.1'
Driver info: org.openqa.selenium.chrome.ChromeDriver
Command: [a2375cb48f1283fa46dd460caca6df6d, findElement {using=xpath, value=//div[@class='oxd-table-card']/div/div[4]}]
Capabilities {acceptInsecureCerts: false, browserName: chrome, browserVersion: 147.0.7727.103, chrome: {chromedriverVersion: 147.0.7727.117 (474cc805edd..., userDataDir: C:\Users\91708\AppData\Loca...}, fedcm:accounts: true, goog:chromeOptions: {debuggerAddress: localhost:58066}, goog:processID: 11232, networkConnectionEnabled: false, pageLoadStrategy: normal, platformName: windows, proxy: Proxy(), se:cdp: ws://localhost:58066/devtoo..., se:cdpVersion: 147.0.7727.103, setWindowRect: true, strictFileInteractability: false, timeouts: {implicit: 0, pageLoad: 300000, script: 30000}, unhandledPromptBehavior: dismiss and notify, webauthn:extension:credBlob: true, webauthn:extension:largeBlob: true, webauthn:extension:minPinLength: true, webauthn:extension:prf: true, webauthn:virtualAuthenticators: true}
Session ID: a2375cb48f1283fa46dd460caca6df6d
2026-04-26 14:47:41 [main] ERROR BaseClass - this is error message
2026-04-26 14:47:41 [main] FATAL BaseClass - thus is fatal message
2026-04-26 14:47:49 [TestNG-test-orangeHRMTest-2] ERROR BaseClass - this is error message
2026-04-26 14:47:49 [TestNG-test-orangeHRMTest-2] FATAL BaseClass - thus is fatal message
2026-04-26 14:47:50 [TestNG-test-orangeHRMTest-4] ERROR BaseClass - this is error message
2026-04-26 14:47:50 [TestNG-test-orangeHRMTest-4] FATAL BaseClass - thus is fatal message
2026-04-26 14:47:51 [TestNG-test-orangeHRMTest-1] ERROR BaseClass - this is error message
2026-04-26 14:47:51 [TestNG-test-orangeHRMTest-1] FATAL BaseClass - thus is fatal message
2026-04-26 14:47:53 [TestNG-test-orangeHRMTest-3] ERROR BaseClass - this is error message
2026-04-26 14:47:53 [TestNG-test-orangeHRMTest-3] FATAL BaseClass - thus is fatal message
2026-04-26 14:47:59 [TestNG-test-orangeHRMTest-4] ERROR BaseClass - this is error message
2026-04-26 14:47:59 [TestNG-test-orangeHRMTest-4] FATAL BaseClass - thus is fatal message
2026-04-26 14:48:07 [TestNG-test-orangeHRMTest-1] ERROR BaseClass - this is error message
2026-04-26 14:48:07 [TestNG-test-orangeHRMTest-1] FATAL BaseClass - thus is fatal message
2026-04-26 14:48:16 [TestNG-test-orangeHRMTest-4] ERROR ActionDriver - element not clickable:Expected condition failed: waiting for element to be clickable: By.xpath: //span[text()='PIM'] (tried for 10 second(s) with 500 milliseconds interval)
Build info: version: '4.18.0', revision: 'b6bf9de7cc*'
System info: os.name: 'Windows 11', os.arch: 'amd64', os.version: '10.0', java.version: '25.0.1'
Driver info: org.openqa.selenium.chrome.ChromeDriver
Capabilities {acceptInsecureCerts: false, browserName: chrome, browserVersion: 147.0.7727.103, chrome: {chromedriverVersion: 147.0.7727.117 (474cc805edd..., userDataDir: C:\Users\91708\AppData\Loca...}, fedcm:accounts: true, goog:chromeOptions: {debuggerAddress: localhost:57721}, goog:processID: 1852, networkConnectionEnabled: false, pageLoadStrategy: normal, platformName: windows, proxy: Proxy(), se:cdp: ws://localhost:57721/devtoo..., se:cdpVersion: 147.0.7727.103, setWindowRect: true, strictFileInteractability: false, timeouts: {implicit: 0, pageLoad: 300000, script: 30000}, unhandledPromptBehavior: dismiss and notify, webauthn:extension:credBlob: true, webauthn:extension:largeBlob: true, webauthn:extension:minPinLength: true, webauthn:extension:prf: true, webauthn:virtualAuthenticators: true}
Session ID: 22e21f61044e652c26fcacaaadab8e53
2026-04-26 14:48:19 [TestNG-test-orangeHRMTest-1] ERROR BaseClass - this is error message
2026-04-26 14:48:19 [TestNG-test-orangeHRMTest-1] FATAL BaseClass - thus is fatal message
2026-04-26 14:48:23 [TestNG-test-orangeHRMTest-1] ERROR ActionDriver - actual textInvalid credentialsas well asError messageare not equal
2026-04-26 14:48:26 [TestNG-test-orangeHRMTest-4] ERROR ActionDriver - not able to click:element not interactable
  (Session info: chrome=147.0.7727.103)
Build info: version: '4.18.0', revision: 'b6bf9de7cc*'
System info: os.name: 'Windows 11', os.arch: 'amd64', os.version: '10.0', java.version: '25.0.1'
Driver info: org.openqa.selenium.chrome.ChromeDriver
Command: [22e21f61044e652c26fcacaaadab8e53, clickElement {id=f.72A31862D2441D20E9195278CC10076C.d.D21EB57B0240504E306D1729D66CD70F.e.27}]
Capabilities {acceptInsecureCerts: false, browserName: chrome, browserVersion: 147.0.7727.103, chrome: {chromedriverVersion: 147.0.7727.117 (474cc805edd..., userDataDir: C:\Users\91708\AppData\Loca...}, fedcm:accounts: true, goog:chromeOptions: {debuggerAddress: localhost:57721}, goog:processID: 1852, networkConnectionEnabled: false, pageLoadStrategy: normal, platformName: windows, proxy: Proxy(), se:cdp: ws://localhost:57721/devtoo..., se:cdpVersion: 147.0.7727.103, setWindowRect: true, strictFileInteractability: false, timeouts: {implicit: 0, pageLoad: 300000, script: 30000}, unhandledPromptBehavior: dismiss and notify, webauthn:extension:credBlob: true, webauthn:extension:largeBlob: true, webauthn:extension:minPinLength: true, webauthn:extension:prf: true, webauthn:virtualAuthenticators: true}
Element: [[ChromeDriver: chrome on windows (22e21f61044e652c26fcacaaadab8e53)] -> xpath: //span[text()='PIM']]
Session ID: 22e21f61044e652c26fcacaaadab8e53
2026-04-26 14:48:31 [TestNG-test-orangeHRMTest-1] ERROR BaseClass - this is error message
2026-04-26 14:48:31 [TestNG-test-orangeHRMTest-1] FATAL BaseClass - thus is fatal message
2026-04-26 14:48:36 [TestNG-test-orangeHRMTest-4] ERROR ActionDriver - element not visible:Expected condition failed: waiting for presence of element located by: By.xpath: //label[text()='Employee Name']//parent::div/following-sibling::div/div//input (tried for 10 second(s) with 500 milliseconds interval)
2026-04-26 14:48:46 [TestNG-test-orangeHRMTest-4] ERROR ActionDriver - not able to enter:no such element: Unable to locate element: {"method":"xpath","selector":"//label[text()='Employee Name']//parent::div/following-sibling::div/div//input"}
  (Session info: chrome=147.0.7727.103)
For documentation on this error, please visit: https://www.selenium.dev/documentation/webdriver/troubleshooting/errors#no-such-element-exception
Build info: version: '4.18.0', revision: 'b6bf9de7cc*'
System info: os.name: 'Windows 11', os.arch: 'amd64', os.version: '10.0', java.version: '25.0.1'
Driver info: org.openqa.selenium.chrome.ChromeDriver
Command: [22e21f61044e652c26fcacaaadab8e53, findElement {using=xpath, value=//label[text()='Employee Name']//parent::div/following-sibling::div/div//input}]
Capabilities {acceptInsecureCerts: false, browserName: chrome, browserVersion: 147.0.7727.103, chrome: {chromedriverVersion: 147.0.7727.117 (474cc805edd..., userDataDir: C:\Users\91708\AppData\Loca...}, fedcm:accounts: true, goog:chromeOptions: {debuggerAddress: localhost:57721}, goog:processID: 1852, networkConnectionEnabled: false, pageLoadStrategy: normal, platformName: windows, proxy: Proxy(), se:cdp: ws://localhost:57721/devtoo..., se:cdpVersion: 147.0.7727.103, setWindowRect: true, strictFileInteractability: false, timeouts: {implicit: 0, pageLoad: 300000, script: 30000}, unhandledPromptBehavior: dismiss and notify, webauthn:extension:credBlob: true, webauthn:extension:largeBlob: true, webauthn:extension:minPinLength: true, webauthn:extension:prf: true, webauthn:virtualAuthenticators: true}
Session ID: 22e21f61044e652c26fcacaaadab8e53
2026-04-26 14:49:06 [TestNG-test-orangeHRMTest-4] ERROR ActionDriver - element not clickable:Expected condition failed: waiting for element to be clickable: By.xpath: //button[@type='submit'] (tried for 10 second(s) with 500 milliseconds interval)
Build info: version: '4.18.0', revision: 'b6bf9de7cc*'
System info: os.name: 'Windows 11', os.arch: 'amd64', os.version: '10.0', java.version: '25.0.1'
Driver info: org.openqa.selenium.chrome.ChromeDriver
Capabilities {acceptInsecureCerts: false, browserName: chrome, browserVersion: 147.0.7727.103, chrome: {chromedriverVersion: 147.0.7727.117 (474cc805edd..., userDataDir: C:\Users\91708\AppData\Loca...}, fedcm:accounts: true, goog:chromeOptions: {debuggerAddress: localhost:57721}, goog:processID: 1852, networkConnectionEnabled: false, pageLoadStrategy: normal, platformName: windows, proxy: Proxy(), se:cdp: ws://localhost:57721/devtoo..., se:cdpVersion: 147.0.7727.103, setWindowRect: true, strictFileInteractability: false, timeouts: {implicit: 0, pageLoad: 300000, script: 30000}, unhandledPromptBehavior: dismiss and notify, webauthn:extension:credBlob: true, webauthn:extension:largeBlob: true, webauthn:extension:minPinLength: true, webauthn:extension:prf: true, webauthn:virtualAuthenticators: true}
Session ID: 22e21f61044e652c26fcacaaadab8e53
2026-04-26 14:49:16 [TestNG-test-orangeHRMTest-4] ERROR ActionDriver - not able to click:no such element: Unable to locate element: {"method":"xpath","selector":"//button[@type='submit']"}
  (Session info: chrome=147.0.7727.103)
For documentation on this error, please visit: https://www.selenium.dev/documentation/webdriver/troubleshooting/errors#no-such-element-exception
Build info: version: '4.18.0', revision: 'b6bf9de7cc*'
System info: os.name: 'Windows 11', os.arch: 'amd64', os.version: '10.0', java.version: '25.0.1'
Driver info: org.openqa.selenium.chrome.ChromeDriver
Command: [22e21f61044e652c26fcacaaadab8e53, findElement {using=xpath, value=//button[@type='submit']}]
Capabilities {acceptInsecureCerts: false, browserName: chrome, browserVersion: 147.0.7727.103, chrome: {chromedriverVersion: 147.0.7727.117 (474cc805edd..., userDataDir: C:\Users\91708\AppData\Loca...}, fedcm:accounts: true, goog:chromeOptions: {debuggerAddress: localhost:57721}, goog:processID: 1852, networkConnectionEnabled: false, pageLoadStrategy: normal, platformName: windows, proxy: Proxy(), se:cdp: ws://localhost:57721/devtoo..., se:cdpVersion: 147.0.7727.103, setWindowRect: true, strictFileInteractability: false, timeouts: {implicit: 0, pageLoad: 300000, script: 30000}, unhandledPromptBehavior: dismiss and notify, webauthn:extension:credBlob: true, webauthn:extension:largeBlob: true, webauthn:extension:minPinLength: true, webauthn:extension:prf: true, webauthn:virtualAuthenticators: true}
Session ID: 22e21f61044e652c26fcacaaadab8e53
2026-04-26 14:49:26 [TestNG-test-orangeHRMTest-4] ERROR ActionDriver - unable to locate element:no such element: Unable to locate element: {"method":"xpath","selector":"//div[@class='oxd-table-card']/div/div[3]"}
  (Session info: chrome=147.0.7727.103)
For documentation on this error, please visit: https://www.selenium.dev/documentation/webdriver/troubleshooting/errors#no-such-element-exception
Build info: version: '4.18.0', revision: 'b6bf9de7cc*'
System info: os.name: 'Windows 11', os.arch: 'amd64', os.version: '10.0', java.version: '25.0.1'
Driver info: org.openqa.selenium.chrome.ChromeDriver
Command: [22e21f61044e652c26fcacaaadab8e53, findElement {using=xpath, value=//div[@class='oxd-table-card']/div/div[3]}]
Capabilities {acceptInsecureCerts: false, browserName: chrome, browserVersion: 147.0.7727.103, chrome: {chromedriverVersion: 147.0.7727.117 (474cc805edd..., userDataDir: C:\Users\91708\AppData\Loca...}, fedcm:accounts: true, goog:chromeOptions: {debuggerAddress: localhost:57721}, goog:processID: 1852, networkConnectionEnabled: false, pageLoadStrategy: normal, platformName: windows, proxy: Proxy(), se:cdp: ws://localhost:57721/devtoo..., se:cdpVersion: 147.0.7727.103, setWindowRect: true, strictFileInteractability: false, timeouts: {implicit: 0, pageLoad: 300000, script: 30000}, unhandledPromptBehavior: dismiss and notify, webauthn:extension:credBlob: true, webauthn:extension:largeBlob: true, webauthn:extension:minPinLength: true, webauthn:extension:prf: true, webauthn:virtualAuthenticators: true}
Session ID: 22e21f61044e652c26fcacaaadab8e53
2026-04-26 14:49:37 [TestNG-test-orangeHRMTest-4] ERROR ActionDriver - element not visible:Expected condition failed: waiting for presence of element located by: By.xpath: //div[@class='oxd-table-card']/div/div[3] (tried for 10 second(s) with 500 milliseconds interval)
2026-04-26 14:49:47 [TestNG-test-orangeHRMTest-4] ERROR ActionDriver - this stringMayanktestis not equalno such element: Unable to locate element: {"method":"xpath","selector":"//div[@class='oxd-table-card']/div/div[3]"}
  (Session info: chrome=147.0.7727.103)
For documentation on this error, please visit: https://www.selenium.dev/documentation/webdriver/troubleshooting/errors#no-such-element-exception
Build info: version: '4.18.0', revision: 'b6bf9de7cc*'
System info: os.name: 'Windows 11', os.arch: 'amd64', os.version: '10.0', java.version: '25.0.1'
Driver info: org.openqa.selenium.chrome.ChromeDriver
Command: [22e21f61044e652c26fcacaaadab8e53, findElement {using=xpath, value=//div[@class='oxd-table-card']/div/div[3]}]
Capabilities {acceptInsecureCerts: false, browserName: chrome, browserVersion: 147.0.7727.103, chrome: {chromedriverVersion: 147.0.7727.117 (474cc805edd..., userDataDir: C:\Users\91708\AppData\Loca...}, fedcm:accounts: true, goog:chromeOptions: {debuggerAddress: localhost:57721}, goog:processID: 1852, networkConnectionEnabled: false, pageLoadStrategy: normal, platformName: windows, proxy: Proxy(), se:cdp: ws://localhost:57721/devtoo..., se:cdpVersion: 147.0.7727.103, setWindowRect: true, strictFileInteractability: false, timeouts: {implicit: 0, pageLoad: 300000, script: 30000}, unhandledPromptBehavior: dismiss and notify, webauthn:extension:credBlob: true, webauthn:extension:largeBlob: true, webauthn:extension:minPinLength: true, webauthn:extension:prf: true, webauthn:virtualAuthenticators: true}
Session ID: 22e21f61044e652c26fcacaaadab8e53
2026-04-26 14:49:57 [TestNG-test-orangeHRMTest-4] ERROR ActionDriver - element not visible:Expected condition failed: waiting for presence of element located by: By.xpath: //div[@class='oxd-table-card']/div/div[4] (tried for 10 second(s) with 500 milliseconds interval)
2026-04-26 14:50:07 [TestNG-test-orangeHRMTest-4] ERROR ActionDriver - this stringKumaris not equalno such element: Unable to locate element: {"method":"xpath","selector":"//div[@class='oxd-table-card']/div/div[4]"}
  (Session info: chrome=147.0.7727.103)
For documentation on this error, please visit: https://www.selenium.dev/documentation/webdriver/troubleshooting/errors#no-such-element-exception
Build info: version: '4.18.0', revision: 'b6bf9de7cc*'
System info: os.name: 'Windows 11', os.arch: 'amd64', os.version: '10.0', java.version: '25.0.1'
Driver info: org.openqa.selenium.chrome.ChromeDriver
Command: [22e21f61044e652c26fcacaaadab8e53, findElement {using=xpath, value=//div[@class='oxd-table-card']/div/div[4]}]
Capabilities {acceptInsecureCerts: false, browserName: chrome, browserVersion: 147.0.7727.103, chrome: {chromedriverVersion: 147.0.7727.117 (474cc805edd..., userDataDir: C:\Users\91708\AppData\Loca...}, fedcm:accounts: true, goog:chromeOptions: {debuggerAddress: localhost:57721}, goog:processID: 1852, networkConnectionEnabled: false, pageLoadStrategy: normal, platformName: windows, proxy: Proxy(), se:cdp: ws://localhost:57721/devtoo..., se:cdpVersion: 147.0.7727.103, setWindowRect: true, strictFileInteractability: false, timeouts: {implicit: 0, pageLoad: 300000, script: 30000}, unhandledPromptBehavior: dismiss and notify, webauthn:extension:credBlob: true, webauthn:extension:largeBlob: true, webauthn:extension:minPinLength: true, webauthn:extension:prf: true, webauthn:virtualAuthenticators: true}
Session ID: 22e21f61044e652c26fcacaaadab8e53
2026-04-26 17:16:52 [TestNG-test-orangeHRMTest-1] ERROR BaseClass - url not correct:unknown error: net::ERR_CONNECTION_REFUSED
  (Session info: chrome=147.0.7727.103)
Build info: version: '4.18.0', revision: 'b6bf9de7cc*'
System info: os.name: 'Windows 11', os.arch: 'amd64', os.version: '10.0', java.version: '25.0.1'
Driver info: org.openqa.selenium.chrome.ChromeDriver
Command: [76871a93df4502b9039ca0e20046c1e7, get {url=http://localhost/orangehrm/web/index.php/auth/login}]
Capabilities {acceptInsecureCerts: false, browserName: chrome, browserVersion: 147.0.7727.103, chrome: {chromedriverVersion: 147.0.7727.117 (474cc805edd..., userDataDir: C:\Users\91708\AppData\Loca...}, fedcm:accounts: true, goog:chromeOptions: {debuggerAddress: localhost:57119}, goog:processID: 7492, networkConnectionEnabled: false, pageLoadStrategy: normal, platformName: windows, proxy: Proxy(), se:cdp: ws://localhost:57119/devtoo..., se:cdpVersion: 147.0.7727.103, setWindowRect: true, strictFileInteractability: false, timeouts: {implicit: 0, pageLoad: 300000, script: 30000}, unhandledPromptBehavior: dismiss and notify, webauthn:extension:credBlob: true, webauthn:extension:largeBlob: true, webauthn:extension:minPinLength: true, webauthn:extension:prf: true, webauthn:virtualAuthenticators: true}
Session ID: 76871a93df4502b9039ca0e20046c1e7
2026-04-26 17:16:52 [TestNG-test-orangeHRMTest-4] ERROR BaseClass - url not correct:unknown error: net::ERR_CONNECTION_REFUSED
  (Session info: chrome=147.0.7727.103)
Build info: version: '4.18.0', revision: 'b6bf9de7cc*'
System info: os.name: 'Windows 11', os.arch: 'amd64', os.version: '10.0', java.version: '25.0.1'
Driver info: org.openqa.selenium.chrome.ChromeDriver
Command: [270d45fbbdb50b78cc821343d388260a, get {url=http://localhost/orangehrm/web/index.php/auth/login}]
Capabilities {acceptInsecureCerts: false, browserName: chrome, browserVersion: 147.0.7727.103, chrome: {chromedriverVersion: 147.0.7727.117 (474cc805edd..., userDataDir: C:\Users\91708\AppData\Loca...}, fedcm:accounts: true, goog:chromeOptions: {debuggerAddress: localhost:57121}, goog:processID: 14508, networkConnectionEnabled: false, pageLoadStrategy: normal, platformName: windows, proxy: Proxy(), se:cdp: ws://localhost:57121/devtoo..., se:cdpVersion: 147.0.7727.103, setWindowRect: true, strictFileInteractability: false, timeouts: {implicit: 0, pageLoad: 300000, script: 30000}, unhandledPromptBehavior: dismiss and notify, webauthn:extension:credBlob: true, webauthn:extension:largeBlob: true, webauthn:extension:minPinLength: true, webauthn:extension:prf: true, webauthn:virtualAuthenticators: true}
Session ID: 270d45fbbdb50b78cc821343d388260a
2026-04-26 17:16:52 [TestNG-test-orangeHRMTest-2] ERROR BaseClass - url not correct:unknown error: net::ERR_CONNECTION_REFUSED
  (Session info: chrome=147.0.7727.103)
Build info: version: '4.18.0', revision: 'b6bf9de7cc*'
System info: os.name: 'Windows 11', os.arch: 'amd64', os.version: '10.0', java.version: '25.0.1'
Driver info: org.openqa.selenium.chrome.ChromeDriver
Command: [cf5357b9da905b02994d0562247f68ce, get {url=http://localhost/orangehrm/web/index.php/auth/login}]
Capabilities {acceptInsecureCerts: false, browserName: chrome, browserVersion: 147.0.7727.103, chrome: {chromedriverVersion: 147.0.7727.117 (474cc805edd..., userDataDir: C:\Users\91708\AppData\Loca...}, fedcm:accounts: true, goog:chromeOptions: {debuggerAddress: localhost:57684}, goog:processID: 21140, networkConnectionEnabled: false, pageLoadStrategy: normal, platformName: windows, proxy: Proxy(), se:cdp: ws://localhost:57684/devtoo..., se:cdpVersion: 147.0.7727.103, setWindowRect: true, strictFileInteractability: false, timeouts: {implicit: 0, pageLoad: 300000, script: 30000}, unhandledPromptBehavior: dismiss and notify, webauthn:extension:credBlob: true, webauthn:extension:largeBlob: true, webauthn:extension:minPinLength: true, webauthn:extension:prf: true, webauthn:virtualAuthenticators: true}
Session ID: cf5357b9da905b02994d0562247f68ce
2026-04-26 17:16:52 [TestNG-test-orangeHRMTest-4] ERROR BaseClass - url not correct:unknown error: net::ERR_CONNECTION_REFUSED
  (Session info: chrome=147.0.7727.103)
Build info: version: '4.18.0', revision: 'b6bf9de7cc*'
System info: os.name: 'Windows 11', os.arch: 'amd64', os.version: '10.0', java.version: '25.0.1'
Driver info: org.openqa.selenium.chrome.ChromeDriver
Command: [e0e88144b9d84e6522b886a5eb2d9643, get {url=http://localhost/orangehrm/web/index.php/auth/login}]
Capabilities {acceptInsecureCerts: false, browserName: chrome, browserVersion: 147.0.7727.103, chrome: {chromedriverVersion: 147.0.7727.117 (474cc805edd..., userDataDir: C:\Users\91708\AppData\Loca...}, fedcm:accounts: true, goog:chromeOptions: {debuggerAddress: localhost:53352}, goog:processID: 11612, networkConnectionEnabled: false, pageLoadStrategy: normal, platformName: windows, proxy: Proxy(), se:cdp: ws://localhost:53352/devtoo..., se:cdpVersion: 147.0.7727.103, setWindowRect: true, strictFileInteractability: false, timeouts: {implicit: 0, pageLoad: 300000, script: 30000}, unhandledPromptBehavior: dismiss and notify, webauthn:extension:credBlob: true, webauthn:extension:largeBlob: true, webauthn:extension:minPinLength: true, webauthn:extension:prf: true, webauthn:virtualAuthenticators: true}
Session ID: e0e88144b9d84e6522b886a5eb2d9643
2026-04-26 17:16:54 [TestNG-test-orangeHRMTest-3] ERROR BaseClass - url not correct:unknown error: net::ERR_CONNECTION_REFUSED
  (Session info: chrome=147.0.7727.103)
Build info: version: '4.18.0', revision: 'b6bf9de7cc*'
System info: os.name: 'Windows 11', os.arch: 'amd64', os.version: '10.0', java.version: '25.0.1'
Driver info: org.openqa.selenium.chrome.ChromeDriver
Command: [80e6aa18fa40eada15d82d5e632435d3, get {url=http://localhost/orangehrm/web/index.php/auth/login}]
Capabilities {acceptInsecureCerts: false, browserName: chrome, browserVersion: 147.0.7727.103, chrome: {chromedriverVersion: 147.0.7727.117 (474cc805edd..., userDataDir: C:\Users\91708\AppData\Loca...}, fedcm:accounts: true, goog:chromeOptions: {debuggerAddress: localhost:65297}, goog:processID: 14240, networkConnectionEnabled: false, pageLoadStrategy: normal, platformName: windows, proxy: Proxy(), se:cdp: ws://localhost:65297/devtoo..., se:cdpVersion: 147.0.7727.103, setWindowRect: true, strictFileInteractability: false, timeouts: {implicit: 0, pageLoad: 300000, script: 30000}, unhandledPromptBehavior: dismiss and notify, webauthn:extension:credBlob: true, webauthn:extension:largeBlob: true, webauthn:extension:minPinLength: true, webauthn:extension:prf: true, webauthn:virtualAuthenticators: true}
Session ID: 80e6aa18fa40eada15d82d5e632435d3
2026-04-26 17:16:55 [TestNG-test-orangeHRMTest-2] ERROR BaseClass - url not correct:unknown error: net::ERR_CONNECTION_REFUSED
  (Session info: chrome=147.0.7727.103)
Build info: version: '4.18.0', revision: 'b6bf9de7cc*'
System info: os.name: 'Windows 11', os.arch: 'amd64', os.version: '10.0', java.version: '25.0.1'
Driver info: org.openqa.selenium.chrome.ChromeDriver
Command: [542bc7692f905517126e3f39baf84f77, get {url=http://localhost/orangehrm/web/index.php/auth/login}]
Capabilities {acceptInsecureCerts: false, browserName: chrome, browserVersion: 147.0.7727.103, chrome: {chromedriverVersion: 147.0.7727.117 (474cc805edd..., userDataDir: C:\Users\91708\AppData\Loca...}, fedcm:accounts: true, goog:chromeOptions: {debuggerAddress: localhost:55703}, goog:processID: 21640, networkConnectionEnabled: false, pageLoadStrategy: normal, platformName: windows, proxy: Proxy(), se:cdp: ws://localhost:55703/devtoo..., se:cdpVersion: 147.0.7727.103, setWindowRect: true, strictFileInteractability: false, timeouts: {implicit: 0, pageLoad: 300000, script: 30000}, unhandledPromptBehavior: dismiss and notify, webauthn:extension:credBlob: true, webauthn:extension:largeBlob: true, webauthn:extension:minPinLength: true, webauthn:extension:prf: true, webauthn:virtualAuthenticators: true}
Session ID: 542bc7692f905517126e3f39baf84f77
2026-04-26 17:16:55 [TestNG-test-orangeHRMTest-1] ERROR BaseClass - url not correct:unknown error: net::ERR_CONNECTION_REFUSED
  (Session info: chrome=147.0.7727.103)
Build info: version: '4.18.0', revision: 'b6bf9de7cc*'
System info: os.name: 'Windows 11', os.arch: 'amd64', os.version: '10.0', java.version: '25.0.1'
Driver info: org.openqa.selenium.chrome.ChromeDriver
Command: [83c14e13a794fe9e0bfa258ab704125b, get {url=http://localhost/orangehrm/web/index.php/auth/login}]
Capabilities {acceptInsecureCerts: false, browserName: chrome, browserVersion: 147.0.7727.103, chrome: {chromedriverVersion: 147.0.7727.117 (474cc805edd..., userDataDir: C:\Users\91708\AppData\Loca...}, fedcm:accounts: true, goog:chromeOptions: {debuggerAddress: localhost:61955}, goog:processID: 20040, networkConnectionEnabled: false, pageLoadStrategy: normal, platformName: windows, proxy: Proxy(), se:cdp: ws://localhost:61955/devtoo..., se:cdpVersion: 147.0.7727.103, setWindowRect: true, strictFileInteractability: false, timeouts: {implicit: 0, pageLoad: 300000, script: 30000}, unhandledPromptBehavior: dismiss and notify, webauthn:extension:credBlob: true, webauthn:extension:largeBlob: true, webauthn:extension:minPinLength: true, webauthn:extension:prf: true, webauthn:virtualAuthenticators: true}
Session ID: 83c14e13a794fe9e0bfa258ab704125b
2026-04-26 17:16:55 [TestNG-test-orangeHRMTest-1] ERROR BaseClass - this is error message
2026-04-26 17:16:55 [TestNG-test-orangeHRMTest-1] FATAL BaseClass - thus is fatal message
2026-04-26 17:16:55 [TestNG-test-orangeHRMTest-4] ERROR BaseClass - this is error message
2026-04-26 17:16:55 [TestNG-test-orangeHRMTest-4] FATAL BaseClass - thus is fatal message
2026-04-26 17:16:55 [TestNG-test-orangeHRMTest-2] ERROR BaseClass - this is error message
2026-04-26 17:16:55 [TestNG-test-orangeHRMTest-2] FATAL BaseClass - thus is fatal message
2026-04-26 17:16:55 [TestNG-test-orangeHRMTest-4] ERROR BaseClass - this is error message
2026-04-26 17:16:55 [TestNG-test-orangeHRMTest-4] FATAL BaseClass - thus is fatal message
2026-04-26 17:16:57 [TestNG-test-orangeHRMTest-3] ERROR BaseClass - this is error message
2026-04-26 17:16:57 [TestNG-test-orangeHRMTest-3] FATAL BaseClass - thus is fatal message
2026-04-26 17:16:58 [TestNG-test-orangeHRMTest-3] ERROR BaseClass - url not correct:unknown error: net::ERR_CONNECTION_REFUSED
  (Session info: chrome=147.0.7727.103)
Build info: version: '4.18.0', revision: 'b6bf9de7cc*'
System info: os.name: 'Windows 11', os.arch: 'amd64', os.version: '10.0', java.version: '25.0.1'
Driver info: org.openqa.selenium.chrome.ChromeDriver
Command: [94684c7c24e94189bffb6b506855476b, get {url=http://localhost/orangehrm/web/index.php/auth/login}]
Capabilities {acceptInsecureCerts: false, browserName: chrome, browserVersion: 147.0.7727.103, chrome: {chromedriverVersion: 147.0.7727.117 (474cc805edd..., userDataDir: C:\Users\91708\AppData\Loca...}, fedcm:accounts: true, goog:chromeOptions: {debuggerAddress: localhost:61204}, goog:processID: 24792, networkConnectionEnabled: false, pageLoadStrategy: normal, platformName: windows, proxy: Proxy(), se:cdp: ws://localhost:61204/devtoo..., se:cdpVersion: 147.0.7727.103, setWindowRect: true, strictFileInteractability: false, timeouts: {implicit: 0, pageLoad: 300000, script: 30000}, unhandledPromptBehavior: dismiss and notify, webauthn:extension:credBlob: true, webauthn:extension:largeBlob: true, webauthn:extension:minPinLength: true, webauthn:extension:prf: true, webauthn:virtualAuthenticators: true}
Session ID: 94684c7c24e94189bffb6b506855476b
2026-04-26 17:16:58 [TestNG-test-orangeHRMTest-2] ERROR BaseClass - this is error message
2026-04-26 17:16:58 [TestNG-test-orangeHRMTest-2] FATAL BaseClass - thus is fatal message
2026-04-26 17:16:58 [TestNG-test-orangeHRMTest-1] ERROR BaseClass - this is error message
2026-04-26 17:16:58 [TestNG-test-orangeHRMTest-1] FATAL BaseClass - thus is fatal message
2026-04-26 17:17:01 [TestNG-test-orangeHRMTest-3] ERROR BaseClass - this is error message
2026-04-26 17:17:01 [TestNG-test-orangeHRMTest-3] FATAL BaseClass - thus is fatal message
2026-04-26 17:17:03 [TestNG-test-orangeHRMTest-4] ERROR BaseClass - url not correct:unknown error: net::ERR_CONNECTION_REFUSED
  (Session info: chrome=147.0.7727.103)
Build info: version: '4.18.0', revision: 'b6bf9de7cc*'
System info: os.name: 'Windows 11', os.arch: 'amd64', os.version: '10.0', java.version: '25.0.1'
Driver info: org.openqa.selenium.chrome.ChromeDriver
Command: [a878d8c6cc5ec6de747dedbc45b1fdfc, get {url=http://localhost/orangehrm/web/index.php/auth/login}]
Capabilities {acceptInsecureCerts: false, browserName: chrome, browserVersion: 147.0.7727.103, chrome: {chromedriverVersion: 147.0.7727.117 (474cc805edd..., userDataDir: C:\Users\91708\AppData\Loca...}, fedcm:accounts: true, goog:chromeOptions: {debuggerAddress: localhost:63148}, goog:processID: 14676, networkConnectionEnabled: false, pageLoadStrategy: normal, platformName: windows, proxy: Proxy(), se:cdp: ws://localhost:63148/devtoo..., se:cdpVersion: 147.0.7727.103, setWindowRect: true, strictFileInteractability: false, timeouts: {implicit: 0, pageLoad: 300000, script: 30000}, unhandledPromptBehavior: dismiss and notify, webauthn:extension:credBlob: true, webauthn:extension:largeBlob: true, webauthn:extension:minPinLength: true, webauthn:extension:prf: true, webauthn:virtualAuthenticators: true}
Session ID: a878d8c6cc5ec6de747dedbc45b1fdfc
2026-04-26 17:17:03 [TestNG-test-orangeHRMTest-4] ERROR BaseClass - url not correct:unknown error: net::ERR_CONNECTION_REFUSED
  (Session info: chrome=147.0.7727.103)
Build info: version: '4.18.0', revision: 'b6bf9de7cc*'
System info: os.name: 'Windows 11', os.arch: 'amd64', os.version: '10.0', java.version: '25.0.1'
Driver info: org.openqa.selenium.chrome.ChromeDriver
Command: [642c49d03505c42760e38b1953c03665, get {url=http://localhost/orangehrm/web/index.php/auth/login}]
Capabilities {acceptInsecureCerts: false, browserName: chrome, browserVersion: 147.0.7727.103, chrome: {chromedriverVersion: 147.0.7727.117 (474cc805edd..., userDataDir: C:\Users\91708\AppData\Loca...}, fedcm:accounts: true, goog:chromeOptions: {debuggerAddress: localhost:63149}, goog:processID: 22692, networkConnectionEnabled: false, pageLoadStrategy: normal, platformName: windows, proxy: Proxy(), se:cdp: ws://localhost:63149/devtoo..., se:cdpVersion: 147.0.7727.103, setWindowRect: true, strictFileInteractability: false, timeouts: {implicit: 0, pageLoad: 300000, script: 30000}, unhandledPromptBehavior: dismiss and notify, webauthn:extension:credBlob: true, webauthn:extension:largeBlob: true, webauthn:extension:minPinLength: true, webauthn:extension:prf: true, webauthn:virtualAuthenticators: true}
Session ID: 642c49d03505c42760e38b1953c03665
2026-04-26 17:17:05 [TestNG-test-orangeHRMTest-1] ERROR ActionDriver - element not visible:Expected condition failed: waiting for presence of element located by: By.name: username (tried for 10 second(s) with 500 milliseconds interval)
2026-04-26 17:17:05 [TestNG-test-orangeHRMTest-2] ERROR ActionDriver - element not visible:Expected condition failed: waiting for presence of element located by: By.name: username (tried for 10 second(s) with 500 milliseconds interval)
2026-04-26 17:17:06 [TestNG-test-orangeHRMTest-4] ERROR BaseClass - this is error message
2026-04-26 17:17:06 [TestNG-test-orangeHRMTest-4] FATAL BaseClass - thus is fatal message
2026-04-26 17:17:07 [TestNG-test-orangeHRMTest-4] ERROR BaseClass - this is error message
2026-04-26 17:17:07 [TestNG-test-orangeHRMTest-4] FATAL BaseClass - thus is fatal message
2026-04-26 17:17:08 [TestNG-test-orangeHRMTest-2] ERROR ActionDriver - element not visible:Expected condition failed: waiting for presence of element located by: By.name: username (tried for 10 second(s) with 500 milliseconds interval)
2026-04-26 17:17:08 [TestNG-test-orangeHRMTest-1] ERROR ActionDriver - element not visible:Expected condition failed: waiting for presence of element located by: By.name: username (tried for 10 second(s) with 500 milliseconds interval)
2026-04-26 17:17:15 [TestNG-test-orangeHRMTest-1] ERROR ActionDriver - not able to enter:no such element: Unable to locate element: {"method":"css selector","selector":"*[name='username']"}
  (Session info: chrome=147.0.7727.103)
For documentation on this error, please visit: https://www.selenium.dev/documentation/webdriver/troubleshooting/errors#no-such-element-exception
Build info: version: '4.18.0', revision: 'b6bf9de7cc*'
System info: os.name: 'Windows 11', os.arch: 'amd64', os.version: '10.0', java.version: '25.0.1'
Driver info: org.openqa.selenium.chrome.ChromeDriver
Command: [76871a93df4502b9039ca0e20046c1e7, findElement {using=name, value=username}]
Capabilities {acceptInsecureCerts: false, browserName: chrome, browserVersion: 147.0.7727.103, chrome: {chromedriverVersion: 147.0.7727.117 (474cc805edd..., userDataDir: C:\Users\91708\AppData\Loca...}, fedcm:accounts: true, goog:chromeOptions: {debuggerAddress: localhost:57119}, goog:processID: 7492, networkConnectionEnabled: false, pageLoadStrategy: normal, platformName: windows, proxy: Proxy(), se:cdp: ws://localhost:57119/devtoo..., se:cdpVersion: 147.0.7727.103, setWindowRect: true, strictFileInteractability: false, timeouts: {implicit: 0, pageLoad: 300000, script: 30000}, unhandledPromptBehavior: dismiss and notify, webauthn:extension:credBlob: true, webauthn:extension:largeBlob: true, webauthn:extension:minPinLength: true, webauthn:extension:prf: true, webauthn:virtualAuthenticators: true}
Session ID: 76871a93df4502b9039ca0e20046c1e7
2026-04-26 17:17:15 [TestNG-test-orangeHRMTest-2] ERROR ActionDriver - not able to enter:no such element: Unable to locate element: {"method":"css selector","selector":"*[name='username']"}
  (Session info: chrome=147.0.7727.103)
For documentation on this error, please visit: https://www.selenium.dev/documentation/webdriver/troubleshooting/errors#no-such-element-exception
Build info: version: '4.18.0', revision: 'b6bf9de7cc*'
System info: os.name: 'Windows 11', os.arch: 'amd64', os.version: '10.0', java.version: '25.0.1'
Driver info: org.openqa.selenium.chrome.ChromeDriver
Command: [cf5357b9da905b02994d0562247f68ce, findElement {using=name, value=username}]
Capabilities {acceptInsecureCerts: false, browserName: chrome, browserVersion: 147.0.7727.103, chrome: {chromedriverVersion: 147.0.7727.117 (474cc805edd..., userDataDir: C:\Users\91708\AppData\Loca...}, fedcm:accounts: true, goog:chromeOptions: {debuggerAddress: localhost:57684}, goog:processID: 21140, networkConnectionEnabled: false, pageLoadStrategy: normal, platformName: windows, proxy: Proxy(), se:cdp: ws://localhost:57684/devtoo..., se:cdpVersion: 147.0.7727.103, setWindowRect: true, strictFileInteractability: false, timeouts: {implicit: 0, pageLoad: 300000, script: 30000}, unhandledPromptBehavior: dismiss and notify, webauthn:extension:credBlob: true, webauthn:extension:largeBlob: true, webauthn:extension:minPinLength: true, webauthn:extension:prf: true, webauthn:virtualAuthenticators: true}
Session ID: cf5357b9da905b02994d0562247f68ce
2026-04-26 17:17:17 [TestNG-test-orangeHRMTest-4] ERROR ActionDriver - element not visible:Expected condition failed: waiting for presence of element located by: By.name: username (tried for 10 second(s) with 500 milliseconds interval)
2026-04-26 17:17:17 [TestNG-test-orangeHRMTest-4] ERROR ActionDriver - element not visible:Expected condition failed: waiting for presence of element located by: By.name: username (tried for 10 second(s) with 500 milliseconds interval)
2026-04-26 17:17:18 [TestNG-test-orangeHRMTest-2] ERROR ActionDriver - not able to enter:no such element: Unable to locate element: {"method":"css selector","selector":"*[name='username']"}
  (Session info: chrome=147.0.7727.103)
For documentation on this error, please visit: https://www.selenium.dev/documentation/webdriver/troubleshooting/errors#no-such-element-exception
Build info: version: '4.18.0', revision: 'b6bf9de7cc*'
System info: os.name: 'Windows 11', os.arch: 'amd64', os.version: '10.0', java.version: '25.0.1'
Driver info: org.openqa.selenium.chrome.ChromeDriver
Command: [542bc7692f905517126e3f39baf84f77, findElement {using=name, value=username}]
Capabilities {acceptInsecureCerts: false, browserName: chrome, browserVersion: 147.0.7727.103, chrome: {chromedriverVersion: 147.0.7727.117 (474cc805edd..., userDataDir: C:\Users\91708\AppData\Loca...}, fedcm:accounts: true, goog:chromeOptions: {debuggerAddress: localhost:55703}, goog:processID: 21640, networkConnectionEnabled: false, pageLoadStrategy: normal, platformName: windows, proxy: Proxy(), se:cdp: ws://localhost:55703/devtoo..., se:cdpVersion: 147.0.7727.103, setWindowRect: true, strictFileInteractability: false, timeouts: {implicit: 0, pageLoad: 300000, script: 30000}, unhandledPromptBehavior: dismiss and notify, webauthn:extension:credBlob: true, webauthn:extension:largeBlob: true, webauthn:extension:minPinLength: true, webauthn:extension:prf: true, webauthn:virtualAuthenticators: true}
Session ID: 542bc7692f905517126e3f39baf84f77
2026-04-26 17:17:18 [TestNG-test-orangeHRMTest-1] ERROR ActionDriver - not able to enter:no such element: Unable to locate element: {"method":"css selector","selector":"*[name='username']"}
  (Session info: chrome=147.0.7727.103)
For documentation on this error, please visit: https://www.selenium.dev/documentation/webdriver/troubleshooting/errors#no-such-element-exception
Build info: version: '4.18.0', revision: 'b6bf9de7cc*'
System info: os.name: 'Windows 11', os.arch: 'amd64', os.version: '10.0', java.version: '25.0.1'
Driver info: org.openqa.selenium.chrome.ChromeDriver
Command: [83c14e13a794fe9e0bfa258ab704125b, findElement {using=name, value=username}]
Capabilities {acceptInsecureCerts: false, browserName: chrome, browserVersion: 147.0.7727.103, chrome: {chromedriverVersion: 147.0.7727.117 (474cc805edd..., userDataDir: C:\Users\91708\AppData\Loca...}, fedcm:accounts: true, goog:chromeOptions: {debuggerAddress: localhost:61955}, goog:processID: 20040, networkConnectionEnabled: false, pageLoadStrategy: normal, platformName: windows, proxy: Proxy(), se:cdp: ws://localhost:61955/devtoo..., se:cdpVersion: 147.0.7727.103, setWindowRect: true, strictFileInteractability: false, timeouts: {implicit: 0, pageLoad: 300000, script: 30000}, unhandledPromptBehavior: dismiss and notify, webauthn:extension:credBlob: true, webauthn:extension:largeBlob: true, webauthn:extension:minPinLength: true, webauthn:extension:prf: true, webauthn:virtualAuthenticators: true}
Session ID: 83c14e13a794fe9e0bfa258ab704125b
2026-04-26 17:17:25 [TestNG-test-orangeHRMTest-1] ERROR ActionDriver - element not visible:Expected condition failed: waiting for presence of element located by: By.name: password (tried for 10 second(s) with 500 milliseconds interval)
2026-04-26 17:17:25 [TestNG-test-orangeHRMTest-2] ERROR ActionDriver - element not visible:Expected condition failed: waiting for presence of element located by: By.name: password (tried for 10 second(s) with 500 milliseconds interval)
2026-04-26 17:17:27 [TestNG-test-orangeHRMTest-4] ERROR ActionDriver - not able to enter:no such element: Unable to locate element: {"method":"css selector","selector":"*[name='username']"}
  (Session info: chrome=147.0.7727.103)
For documentation on this error, please visit: https://www.selenium.dev/documentation/webdriver/troubleshooting/errors#no-such-element-exception
Build info: version: '4.18.0', revision: 'b6bf9de7cc*'
System info: os.name: 'Windows 11', os.arch: 'amd64', os.version: '10.0', java.version: '25.0.1'
Driver info: org.openqa.selenium.chrome.ChromeDriver
Command: [a878d8c6cc5ec6de747dedbc45b1fdfc, findElement {using=name, value=username}]
Capabilities {acceptInsecureCerts: false, browserName: chrome, browserVersion: 147.0.7727.103, chrome: {chromedriverVersion: 147.0.7727.117 (474cc805edd..., userDataDir: C:\Users\91708\AppData\Loca...}, fedcm:accounts: true, goog:chromeOptions: {debuggerAddress: localhost:63148}, goog:processID: 14676, networkConnectionEnabled: false, pageLoadStrategy: normal, platformName: windows, proxy: Proxy(), se:cdp: ws://localhost:63148/devtoo..., se:cdpVersion: 147.0.7727.103, setWindowRect: true, strictFileInteractability: false, timeouts: {implicit: 0, pageLoad: 300000, script: 30000}, unhandledPromptBehavior: dismiss and notify, webauthn:extension:credBlob: true, webauthn:extension:largeBlob: true, webauthn:extension:minPinLength: true, webauthn:extension:prf: true, webauthn:virtualAuthenticators: true}
Session ID: a878d8c6cc5ec6de747dedbc45b1fdfc
2026-04-26 17:17:27 [TestNG-test-orangeHRMTest-4] ERROR ActionDriver - not able to enter:no such element: Unable to locate element: {"method":"css selector","selector":"*[name='username']"}
  (Session info: chrome=147.0.7727.103)
For documentation on this error, please visit: https://www.selenium.dev/documentation/webdriver/troubleshooting/errors#no-such-element-exception
Build info: version: '4.18.0', revision: 'b6bf9de7cc*'
System info: os.name: 'Windows 11', os.arch: 'amd64', os.version: '10.0', java.version: '25.0.1'
Driver info: org.openqa.selenium.chrome.ChromeDriver
Command: [642c49d03505c42760e38b1953c03665, findElement {using=name, value=username}]
Capabilities {acceptInsecureCerts: false, browserName: chrome, browserVersion: 147.0.7727.103, chrome: {chromedriverVersion: 147.0.7727.117 (474cc805edd..., userDataDir: C:\Users\91708\AppData\Loca...}, fedcm:accounts: true, goog:chromeOptions: {debuggerAddress: localhost:63149}, goog:processID: 22692, networkConnectionEnabled: false, pageLoadStrategy: normal, platformName: windows, proxy: Proxy(), se:cdp: ws://localhost:63149/devtoo..., se:cdpVersion: 147.0.7727.103, setWindowRect: true, strictFileInteractability: false, timeouts: {implicit: 0, pageLoad: 300000, script: 30000}, unhandledPromptBehavior: dismiss and notify, webauthn:extension:credBlob: true, webauthn:extension:largeBlob: true, webauthn:extension:minPinLength: true, webauthn:extension:prf: true, webauthn:virtualAuthenticators: true}
Session ID: 642c49d03505c42760e38b1953c03665
2026-04-26 17:17:28 [TestNG-test-orangeHRMTest-2] ERROR ActionDriver - element not visible:Expected condition failed: waiting for presence of element located by: By.name: password (tried for 10 second(s) with 500 milliseconds interval)
2026-04-26 17:17:28 [TestNG-test-orangeHRMTest-1] ERROR ActionDriver - element not visible:Expected condition failed: waiting for presence of element located by: By.name: password (tried for 10 second(s) with 500 milliseconds interval)
2026-04-26 17:17:35 [TestNG-test-orangeHRMTest-1] ERROR ActionDriver - not able to enter:no such element: Unable to locate element: {"method":"css selector","selector":"*[name='password']"}
  (Session info: chrome=147.0.7727.103)
For documentation on this error, please visit: https://www.selenium.dev/documentation/webdriver/troubleshooting/errors#no-such-element-exception
Build info: version: '4.18.0', revision: 'b6bf9de7cc*'
System info: os.name: 'Windows 11', os.arch: 'amd64', os.version: '10.0', java.version: '25.0.1'
Driver info: org.openqa.selenium.chrome.ChromeDriver
Command: [76871a93df4502b9039ca0e20046c1e7, findElement {using=name, value=password}]
Capabilities {acceptInsecureCerts: false, browserName: chrome, browserVersion: 147.0.7727.103, chrome: {chromedriverVersion: 147.0.7727.117 (474cc805edd..., userDataDir: C:\Users\91708\AppData\Loca...}, fedcm:accounts: true, goog:chromeOptions: {debuggerAddress: localhost:57119}, goog:processID: 7492, networkConnectionEnabled: false, pageLoadStrategy: normal, platformName: windows, proxy: Proxy(), se:cdp: ws://localhost:57119/devtoo..., se:cdpVersion: 147.0.7727.103, setWindowRect: true, strictFileInteractability: false, timeouts: {implicit: 0, pageLoad: 300000, script: 30000}, unhandledPromptBehavior: dismiss and notify, webauthn:extension:credBlob: true, webauthn:extension:largeBlob: true, webauthn:extension:minPinLength: true, webauthn:extension:prf: true, webauthn:virtualAuthenticators: true}
Session ID: 76871a93df4502b9039ca0e20046c1e7
2026-04-26 17:17:35 [TestNG-test-orangeHRMTest-2] ERROR ActionDriver - not able to enter:no such element: Unable to locate element: {"method":"css selector","selector":"*[name='password']"}
  (Session info: chrome=147.0.7727.103)
For documentation on this error, please visit: https://www.selenium.dev/documentation/webdriver/troubleshooting/errors#no-such-element-exception
Build info: version: '4.18.0', revision: 'b6bf9de7cc*'
System info: os.name: 'Windows 11', os.arch: 'amd64', os.version: '10.0', java.version: '25.0.1'
Driver info: org.openqa.selenium.chrome.ChromeDriver
Command: [cf5357b9da905b02994d0562247f68ce, findElement {using=name, value=password}]
Capabilities {acceptInsecureCerts: false, browserName: chrome, browserVersion: 147.0.7727.103, chrome: {chromedriverVersion: 147.0.7727.117 (474cc805edd..., userDataDir: C:\Users\91708\AppData\Loca...}, fedcm:accounts: true, goog:chromeOptions: {debuggerAddress: localhost:57684}, goog:processID: 21140, networkConnectionEnabled: false, pageLoadStrategy: normal, platformName: windows, proxy: Proxy(), se:cdp: ws://localhost:57684/devtoo..., se:cdpVersion: 147.0.7727.103, setWindowRect: true, strictFileInteractability: false, timeouts: {implicit: 0, pageLoad: 300000, script: 30000}, unhandledPromptBehavior: dismiss and notify, webauthn:extension:credBlob: true, webauthn:extension:largeBlob: true, webauthn:extension:minPinLength: true, webauthn:extension:prf: true, webauthn:virtualAuthenticators: true}
Session ID: cf5357b9da905b02994d0562247f68ce
2026-04-26 17:17:37 [TestNG-test-orangeHRMTest-4] ERROR ActionDriver - element not visible:Expected condition failed: waiting for presence of element located by: By.name: password (tried for 10 second(s) with 500 milliseconds interval)
2026-04-26 17:17:37 [TestNG-test-orangeHRMTest-4] ERROR ActionDriver - element not visible:Expected condition failed: waiting for presence of element located by: By.name: password (tried for 10 second(s) with 500 milliseconds interval)
2026-04-26 17:17:38 [TestNG-test-orangeHRMTest-2] ERROR ActionDriver - not able to enter:no such element: Unable to locate element: {"method":"css selector","selector":"*[name='password']"}
  (Session info: chrome=147.0.7727.103)
For documentation on this error, please visit: https://www.selenium.dev/documentation/webdriver/troubleshooting/errors#no-such-element-exception
Build info: version: '4.18.0', revision: 'b6bf9de7cc*'
System info: os.name: 'Windows 11', os.arch: 'amd64', os.version: '10.0', java.version: '25.0.1'
Driver info: org.openqa.selenium.chrome.ChromeDriver
Command: [542bc7692f905517126e3f39baf84f77, findElement {using=name, value=password}]
Capabilities {acceptInsecureCerts: false, browserName: chrome, browserVersion: 147.0.7727.103, chrome: {chromedriverVersion: 147.0.7727.117 (474cc805edd..., userDataDir: C:\Users\91708\AppData\Loca...}, fedcm:accounts: true, goog:chromeOptions: {debuggerAddress: localhost:55703}, goog:processID: 21640, networkConnectionEnabled: false, pageLoadStrategy: normal, platformName: windows, proxy: Proxy(), se:cdp: ws://localhost:55703/devtoo..., se:cdpVersion: 147.0.7727.103, setWindowRect: true, strictFileInteractability: false, timeouts: {implicit: 0, pageLoad: 300000, script: 30000}, unhandledPromptBehavior: dismiss and notify, webauthn:extension:credBlob: true, webauthn:extension:largeBlob: true, webauthn:extension:minPinLength: true, webauthn:extension:prf: true, webauthn:virtualAuthenticators: true}
Session ID: 542bc7692f905517126e3f39baf84f77
2026-04-26 17:17:38 [TestNG-test-orangeHRMTest-1] ERROR ActionDriver - not able to enter:no such element: Unable to locate element: {"method":"css selector","selector":"*[name='password']"}
  (Session info: chrome=147.0.7727.103)
For documentation on this error, please visit: https://www.selenium.dev/documentation/webdriver/troubleshooting/errors#no-such-element-exception
Build info: version: '4.18.0', revision: 'b6bf9de7cc*'
System info: os.name: 'Windows 11', os.arch: 'amd64', os.version: '10.0', java.version: '25.0.1'
Driver info: org.openqa.selenium.chrome.ChromeDriver
Command: [83c14e13a794fe9e0bfa258ab704125b, findElement {using=name, value=password}]
Capabilities {acceptInsecureCerts: false, browserName: chrome, browserVersion: 147.0.7727.103, chrome: {chromedriverVersion: 147.0.7727.117 (474cc805edd..., userDataDir: C:\Users\91708\AppData\Loca...}, fedcm:accounts: true, goog:chromeOptions: {debuggerAddress: localhost:61955}, goog:processID: 20040, networkConnectionEnabled: false, pageLoadStrategy: normal, platformName: windows, proxy: Proxy(), se:cdp: ws://localhost:61955/devtoo..., se:cdpVersion: 147.0.7727.103, setWindowRect: true, strictFileInteractability: false, timeouts: {implicit: 0, pageLoad: 300000, script: 30000}, unhandledPromptBehavior: dismiss and notify, webauthn:extension:credBlob: true, webauthn:extension:largeBlob: true, webauthn:extension:minPinLength: true, webauthn:extension:prf: true, webauthn:virtualAuthenticators: true}
Session ID: 83c14e13a794fe9e0bfa258ab704125b
2026-04-26 17:17:47 [TestNG-test-orangeHRMTest-4] ERROR ActionDriver - not able to enter:no such element: Unable to locate element: {"method":"css selector","selector":"*[name='password']"}
  (Session info: chrome=147.0.7727.103)
For documentation on this error, please visit: https://www.selenium.dev/documentation/webdriver/troubleshooting/errors#no-such-element-exception
Build info: version: '4.18.0', revision: 'b6bf9de7cc*'
System info: os.name: 'Windows 11', os.arch: 'amd64', os.version: '10.0', java.version: '25.0.1'
Driver info: org.openqa.selenium.chrome.ChromeDriver
Command: [a878d8c6cc5ec6de747dedbc45b1fdfc, findElement {using=name, value=password}]
Capabilities {acceptInsecureCerts: false, browserName: chrome, browserVersion: 147.0.7727.103, chrome: {chromedriverVersion: 147.0.7727.117 (474cc805edd..., userDataDir: C:\Users\91708\AppData\Loca...}, fedcm:accounts: true, goog:chromeOptions: {debuggerAddress: localhost:63148}, goog:processID: 14676, networkConnectionEnabled: false, pageLoadStrategy: normal, platformName: windows, proxy: Proxy(), se:cdp: ws://localhost:63148/devtoo..., se:cdpVersion: 147.0.7727.103, setWindowRect: true, strictFileInteractability: false, timeouts: {implicit: 0, pageLoad: 300000, script: 30000}, unhandledPromptBehavior: dismiss and notify, webauthn:extension:credBlob: true, webauthn:extension:largeBlob: true, webauthn:extension:minPinLength: true, webauthn:extension:prf: true, webauthn:virtualAuthenticators: true}
Session ID: a878d8c6cc5ec6de747dedbc45b1fdfc
2026-04-26 17:17:47 [TestNG-test-orangeHRMTest-4] ERROR ActionDriver - not able to enter:no such element: Unable to locate element: {"method":"css selector","selector":"*[name='password']"}
  (Session info: chrome=147.0.7727.103)
For documentation on this error, please visit: https://www.selenium.dev/documentation/webdriver/troubleshooting/errors#no-such-element-exception
Build info: version: '4.18.0', revision: 'b6bf9de7cc*'
System info: os.name: 'Windows 11', os.arch: 'amd64', os.version: '10.0', java.version: '25.0.1'
Driver info: org.openqa.selenium.chrome.ChromeDriver
Command: [642c49d03505c42760e38b1953c03665, findElement {using=name, value=password}]
Capabilities {acceptInsecureCerts: false, browserName: chrome, browserVersion: 147.0.7727.103, chrome: {chromedriverVersion: 147.0.7727.117 (474cc805edd..., userDataDir: C:\Users\91708\AppData\Loca...}, fedcm:accounts: true, goog:chromeOptions: {debuggerAddress: localhost:63149}, goog:processID: 22692, networkConnectionEnabled: false, pageLoadStrategy: normal, platformName: windows, proxy: Proxy(), se:cdp: ws://localhost:63149/devtoo..., se:cdpVersion: 147.0.7727.103, setWindowRect: true, strictFileInteractability: false, timeouts: {implicit: 0, pageLoad: 300000, script: 30000}, unhandledPromptBehavior: dismiss and notify, webauthn:extension:credBlob: true, webauthn:extension:largeBlob: true, webauthn:extension:minPinLength: true, webauthn:extension:prf: true, webauthn:virtualAuthenticators: true}
Session ID: 642c49d03505c42760e38b1953c03665
2026-04-26 17:17:48 [TestNG-test-orangeHRMTest-1] ERROR ActionDriver - element not visible:Expected condition failed: waiting for presence of element located by: By.xpath: //p[text()='Invalid credentials'] (tried for 10 second(s) with 500 milliseconds interval)
2026-04-26 17:17:51 [TestNG-test-orangeHRMTest-1] ERROR ActionDriver - element not visible:Expected condition failed: waiting for presence of element located by: By.xpath: //p[text()='Invalid credentials'] (tried for 10 second(s) with 500 milliseconds interval)
2026-04-26 17:18:10 [TestNG-test-orangeHRMTest-4] ERROR ActionDriver - element not clickable:Expected condition failed: waiting for element to be clickable: By.xpath: //span[text()='PIM'] (tried for 10 second(s) with 500 milliseconds interval)
Build info: version: '4.18.0', revision: 'b6bf9de7cc*'
System info: os.name: 'Windows 11', os.arch: 'amd64', os.version: '10.0', java.version: '25.0.1'
Driver info: org.openqa.selenium.chrome.ChromeDriver
Capabilities {acceptInsecureCerts: false, browserName: chrome, browserVersion: 147.0.7727.103, chrome: {chromedriverVersion: 147.0.7727.117 (474cc805edd..., userDataDir: C:\Users\91708\AppData\Loca...}, fedcm:accounts: true, goog:chromeOptions: {debuggerAddress: localhost:63148}, goog:processID: 14676, networkConnectionEnabled: false, pageLoadStrategy: normal, platformName: windows, proxy: Proxy(), se:cdp: ws://localhost:63148/devtoo..., se:cdpVersion: 147.0.7727.103, setWindowRect: true, strictFileInteractability: false, timeouts: {implicit: 0, pageLoad: 300000, script: 30000}, unhandledPromptBehavior: dismiss and notify, webauthn:extension:credBlob: true, webauthn:extension:largeBlob: true, webauthn:extension:minPinLength: true, webauthn:extension:prf: true, webauthn:virtualAuthenticators: true}
Session ID: a878d8c6cc5ec6de747dedbc45b1fdfc
2026-04-26 17:18:20 [TestNG-test-orangeHRMTest-4] ERROR ActionDriver - not able to click:no such element: Unable to locate element: {"method":"xpath","selector":"//span[text()='PIM']"}
  (Session info: chrome=147.0.7727.103)
For documentation on this error, please visit: https://www.selenium.dev/documentation/webdriver/troubleshooting/errors#no-such-element-exception
Build info: version: '4.18.0', revision: 'b6bf9de7cc*'
System info: os.name: 'Windows 11', os.arch: 'amd64', os.version: '10.0', java.version: '25.0.1'
Driver info: org.openqa.selenium.chrome.ChromeDriver
Command: [a878d8c6cc5ec6de747dedbc45b1fdfc, findElement {using=xpath, value=//span[text()='PIM']}]
Capabilities {acceptInsecureCerts: false, browserName: chrome, browserVersion: 147.0.7727.103, chrome: {chromedriverVersion: 147.0.7727.117 (474cc805edd..., userDataDir: C:\Users\91708\AppData\Loca...}, fedcm:accounts: true, goog:chromeOptions: {debuggerAddress: localhost:63148}, goog:processID: 14676, networkConnectionEnabled: false, pageLoadStrategy: normal, platformName: windows, proxy: Proxy(), se:cdp: ws://localhost:63148/devtoo..., se:cdpVersion: 147.0.7727.103, setWindowRect: true, strictFileInteractability: false, timeouts: {implicit: 0, pageLoad: 300000, script: 30000}, unhandledPromptBehavior: dismiss and notify, webauthn:extension:credBlob: true, webauthn:extension:largeBlob: true, webauthn:extension:minPinLength: true, webauthn:extension:prf: true, webauthn:virtualAuthenticators: true}
Session ID: a878d8c6cc5ec6de747dedbc45b1fdfc
2026-04-26 17:18:43 [TestNG-test-orangeHRMTest-4] ERROR ActionDriver - element not clickable:Expected condition failed: waiting for element to be clickable: By.xpath: //span[text()='PIM'] (tried for 10 second(s) with 500 milliseconds interval)
Build info: version: '4.18.0', revision: 'b6bf9de7cc*'
System info: os.name: 'Windows 11', os.arch: 'amd64', os.version: '10.0', java.version: '25.0.1'
Driver info: org.openqa.selenium.chrome.ChromeDriver
Capabilities {acceptInsecureCerts: false, browserName: chrome, browserVersion: 147.0.7727.103, chrome: {chromedriverVersion: 147.0.7727.117 (474cc805edd..., userDataDir: C:\Users\91708\AppData\Loca...}, fedcm:accounts: true, goog:chromeOptions: {debuggerAddress: localhost:63149}, goog:processID: 22692, networkConnectionEnabled: false, pageLoadStrategy: normal, platformName: windows, proxy: Proxy(), se:cdp: ws://localhost:63149/devtoo..., se:cdpVersion: 147.0.7727.103, setWindowRect: true, strictFileInteractability: false, timeouts: {implicit: 0, pageLoad: 300000, script: 30000}, unhandledPromptBehavior: dismiss and notify, webauthn:extension:credBlob: true, webauthn:extension:largeBlob: true, webauthn:extension:minPinLength: true, webauthn:extension:prf: true, webauthn:virtualAuthenticators: true}
Session ID: 642c49d03505c42760e38b1953c03665
2026-04-26 17:18:53 [TestNG-test-orangeHRMTest-4] ERROR ActionDriver - not able to click:no such element: Unable to locate element: {"method":"xpath","selector":"//span[text()='PIM']"}
  (Session info: chrome=147.0.7727.103)
For documentation on this error, please visit: https://www.selenium.dev/documentation/webdriver/troubleshooting/errors#no-such-element-exception
Build info: version: '4.18.0', revision: 'b6bf9de7cc*'
System info: os.name: 'Windows 11', os.arch: 'amd64', os.version: '10.0', java.version: '25.0.1'
Driver info: org.openqa.selenium.chrome.ChromeDriver
Command: [642c49d03505c42760e38b1953c03665, findElement {using=xpath, value=//span[text()='PIM']}]
Capabilities {acceptInsecureCerts: false, browserName: chrome, browserVersion: 147.0.7727.103, chrome: {chromedriverVersion: 147.0.7727.117 (474cc805edd..., userDataDir: C:\Users\91708\AppData\Loca...}, fedcm:accounts: true, goog:chromeOptions: {debuggerAddress: localhost:63149}, goog:processID: 22692, networkConnectionEnabled: false, pageLoadStrategy: normal, platformName: windows, proxy: Proxy(), se:cdp: ws://localhost:63149/devtoo..., se:cdpVersion: 147.0.7727.103, setWindowRect: true, strictFileInteractability: false, timeouts: {implicit: 0, pageLoad: 300000, script: 30000}, unhandledPromptBehavior: dismiss and notify, webauthn:extension:credBlob: true, webauthn:extension:largeBlob: true, webauthn:extension:minPinLength: true, webauthn:extension:prf: true, webauthn:virtualAuthenticators: true}
Session ID: 642c49d03505c42760e38b1953c03665
2026-04-26 17:18:57 [TestNG-test-orangeHRMTest-1] ERROR ActionDriver - not displayed yet:no such element: Unable to locate element: {"method":"xpath","selector":"//p[text()='Invalid credentials']"}
  (Session info: chrome=147.0.7727.103)
For documentation on this error, please visit: https://www.selenium.dev/documentation/webdriver/troubleshooting/errors#no-such-element-exception
Build info: version: '4.18.0', revision: 'b6bf9de7cc*'
System info: os.name: 'Windows 11', os.arch: 'amd64', os.version: '10.0', java.version: '25.0.1'
Driver info: org.openqa.selenium.chrome.ChromeDriver
Command: [76871a93df4502b9039ca0e20046c1e7, findElement {using=xpath, value=//p[text()='Invalid credentials']}]
Capabilities {acceptInsecureCerts: false, browserName: chrome, browserVersion: 147.0.7727.103, chrome: {chromedriverVersion: 147.0.7727.117 (474cc805edd..., userDataDir: C:\Users\91708\AppData\Loca...}, fedcm:accounts: true, goog:chromeOptions: {debuggerAddress: localhost:57119}, goog:processID: 7492, networkConnectionEnabled: false, pageLoadStrategy: normal, platformName: windows, proxy: Proxy(), se:cdp: ws://localhost:57119/devtoo..., se:cdpVersion: 147.0.7727.103, setWindowRect: true, strictFileInteractability: false, timeouts: {implicit: 0, pageLoad: 300000, script: 30000}, unhandledPromptBehavior: dismiss and notify, webauthn:extension:credBlob: true, webauthn:extension:largeBlob: true, webauthn:extension:minPinLength: true, webauthn:extension:prf: true, webauthn:virtualAuthenticators: true}
Session ID: 76871a93df4502b9039ca0e20046c1e7
2026-04-26 17:18:57 [TestNG-test-orangeHRMTest-4] ERROR ActionDriver - element not visible:Expected condition failed: waiting for presence of element located by: By.xpath: //label[text()='Employee Name']//parent::div/following-sibling::div/div//input (tried for 10 second(s) with 500 milliseconds interval)
2026-04-26 17:18:57 [TestNG-test-orangeHRMTest-1] ERROR ActionDriver - not displayed yet:no such element: Unable to locate element: {"method":"xpath","selector":"//p[text()='Invalid credentials']"}
  (Session info: chrome=147.0.7727.103)
For documentation on this error, please visit: https://www.selenium.dev/documentation/webdriver/troubleshooting/errors#no-such-element-exception
Build info: version: '4.18.0', revision: 'b6bf9de7cc*'
System info: os.name: 'Windows 11', os.arch: 'amd64', os.version: '10.0', java.version: '25.0.1'
Driver info: org.openqa.selenium.chrome.ChromeDriver
Command: [83c14e13a794fe9e0bfa258ab704125b, findElement {using=xpath, value=//p[text()='Invalid credentials']}]
Capabilities {acceptInsecureCerts: false, browserName: chrome, browserVersion: 147.0.7727.103, chrome: {chromedriverVersion: 147.0.7727.117 (474cc805edd..., userDataDir: C:\Users\91708\AppData\Loca...}, fedcm:accounts: true, goog:chromeOptions: {debuggerAddress: localhost:61955}, goog:processID: 20040, networkConnectionEnabled: false, pageLoadStrategy: normal, platformName: windows, proxy: Proxy(), se:cdp: ws://localhost:61955/devtoo..., se:cdpVersion: 147.0.7727.103, setWindowRect: true, strictFileInteractability: false, timeouts: {implicit: 0, pageLoad: 300000, script: 30000}, unhandledPromptBehavior: dismiss and notify, webauthn:extension:credBlob: true, webauthn:extension:largeBlob: true, webauthn:extension:minPinLength: true, webauthn:extension:prf: true, webauthn:virtualAuthenticators: true}
Session ID: 83c14e13a794fe9e0bfa258ab704125b
2026-04-26 17:19:04 [TestNG-test-orangeHRMTest-4] ERROR ActionDriver - element not visible:Expected condition failed: waiting for presence of element located by: By.xpath: //label[text()='Employee Name']//parent::div/following-sibling::div/div//input (tried for 10 second(s) with 500 milliseconds interval)
2026-04-26 17:19:07 [TestNG-test-orangeHRMTest-4] ERROR ActionDriver - not able to enter:no such element: Unable to locate element: {"method":"xpath","selector":"//label[text()='Employee Name']//parent::div/following-sibling::div/div//input"}
  (Session info: chrome=147.0.7727.103)
For documentation on this error, please visit: https://www.selenium.dev/documentation/webdriver/troubleshooting/errors#no-such-element-exception
Build info: version: '4.18.0', revision: 'b6bf9de7cc*'
System info: os.name: 'Windows 11', os.arch: 'amd64', os.version: '10.0', java.version: '25.0.1'
Driver info: org.openqa.selenium.chrome.ChromeDriver
Command: [a878d8c6cc5ec6de747dedbc45b1fdfc, findElement {using=xpath, value=//label[text()='Employee Name']//parent::div/following-sibling::div/div//input}]
Capabilities {acceptInsecureCerts: false, browserName: chrome, browserVersion: 147.0.7727.103, chrome: {chromedriverVersion: 147.0.7727.117 (474cc805edd..., userDataDir: C:\Users\91708\AppData\Loca...}, fedcm:accounts: true, goog:chromeOptions: {debuggerAddress: localhost:63148}, goog:processID: 14676, networkConnectionEnabled: false, pageLoadStrategy: normal, platformName: windows, proxy: Proxy(), se:cdp: ws://localhost:63148/devtoo..., se:cdpVersion: 147.0.7727.103, setWindowRect: true, strictFileInteractability: false, timeouts: {implicit: 0, pageLoad: 300000, script: 30000}, unhandledPromptBehavior: dismiss and notify, webauthn:extension:credBlob: true, webauthn:extension:largeBlob: true, webauthn:extension:minPinLength: true, webauthn:extension:prf: true, webauthn:virtualAuthenticators: true}
Session ID: a878d8c6cc5ec6de747dedbc45b1fdfc
2026-04-26 17:19:14 [TestNG-test-orangeHRMTest-4] ERROR ActionDriver - not able to enter:no such element: Unable to locate element: {"method":"xpath","selector":"//label[text()='Employee Name']//parent::div/following-sibling::div/div//input"}
  (Session info: chrome=147.0.7727.103)
For documentation on this error, please visit: https://www.selenium.dev/documentation/webdriver/troubleshooting/errors#no-such-element-exception
Build info: version: '4.18.0', revision: 'b6bf9de7cc*'
System info: os.name: 'Windows 11', os.arch: 'amd64', os.version: '10.0', java.version: '25.0.1'
Driver info: org.openqa.selenium.chrome.ChromeDriver
Command: [642c49d03505c42760e38b1953c03665, findElement {using=xpath, value=//label[text()='Employee Name']//parent::div/following-sibling::div/div//input}]
Capabilities {acceptInsecureCerts: false, browserName: chrome, browserVersion: 147.0.7727.103, chrome: {chromedriverVersion: 147.0.7727.117 (474cc805edd..., userDataDir: C:\Users\91708\AppData\Loca...}, fedcm:accounts: true, goog:chromeOptions: {debuggerAddress: localhost:63149}, goog:processID: 22692, networkConnectionEnabled: false, pageLoadStrategy: normal, platformName: windows, proxy: Proxy(), se:cdp: ws://localhost:63149/devtoo..., se:cdpVersion: 147.0.7727.103, setWindowRect: true, strictFileInteractability: false, timeouts: {implicit: 0, pageLoad: 300000, script: 30000}, unhandledPromptBehavior: dismiss and notify, webauthn:extension:credBlob: true, webauthn:extension:largeBlob: true, webauthn:extension:minPinLength: true, webauthn:extension:prf: true, webauthn:virtualAuthenticators: true}
Session ID: 642c49d03505c42760e38b1953c03665
2026-04-26 17:19:26 [TestNG-test-orangeHRMTest-1] ERROR BaseClass - url not correct:unknown error: net::ERR_CONNECTION_REFUSED
  (Session info: chrome=147.0.7727.103)
Build info: version: '4.18.0', revision: 'b6bf9de7cc*'
System info: os.name: 'Windows 11', os.arch: 'amd64', os.version: '10.0', java.version: '25.0.1'
Driver info: org.openqa.selenium.chrome.ChromeDriver
Command: [3234c411b22e854d6f5b298506772058, get {url=http://localhost/orangehrm/web/index.php/auth/login}]
Capabilities {acceptInsecureCerts: false, browserName: chrome, browserVersion: 147.0.7727.103, chrome: {chromedriverVersion: 147.0.7727.117 (474cc805edd..., userDataDir: C:\Users\91708\AppData\Loca...}, fedcm:accounts: true, goog:chromeOptions: {debuggerAddress: localhost:64866}, goog:processID: 1936, networkConnectionEnabled: false, pageLoadStrategy: normal, platformName: windows, proxy: Proxy(), se:cdp: ws://localhost:64866/devtoo..., se:cdpVersion: 147.0.7727.103, setWindowRect: true, strictFileInteractability: false, timeouts: {implicit: 0, pageLoad: 300000, script: 30000}, unhandledPromptBehavior: dismiss and notify, webauthn:extension:credBlob: true, webauthn:extension:largeBlob: true, webauthn:extension:minPinLength: true, webauthn:extension:prf: true, webauthn:virtualAuthenticators: true}
Session ID: 3234c411b22e854d6f5b298506772058
2026-04-26 17:19:26 [TestNG-test-orangeHRMTest-1] ERROR BaseClass - url not correct:unknown error: net::ERR_CONNECTION_REFUSED
  (Session info: chrome=147.0.7727.103)
Build info: version: '4.18.0', revision: 'b6bf9de7cc*'
System info: os.name: 'Windows 11', os.arch: 'amd64', os.version: '10.0', java.version: '25.0.1'
Driver info: org.openqa.selenium.chrome.ChromeDriver
Command: [79582ab879a6d3adef9eef970d3c7be2, get {url=http://localhost/orangehrm/web/index.php/auth/login}]
Capabilities {acceptInsecureCerts: false, browserName: chrome, browserVersion: 147.0.7727.103, chrome: {chromedriverVersion: 147.0.7727.117 (474cc805edd..., userDataDir: C:\Users\91708\AppData\Loca...}, fedcm:accounts: true, goog:chromeOptions: {debuggerAddress: localhost:52539}, goog:processID: 21164, networkConnectionEnabled: false, pageLoadStrategy: normal, platformName: windows, proxy: Proxy(), se:cdp: ws://localhost:52539/devtoo..., se:cdpVersion: 147.0.7727.103, setWindowRect: true, strictFileInteractability: false, timeouts: {implicit: 0, pageLoad: 300000, script: 30000}, unhandledPromptBehavior: dismiss and notify, webauthn:extension:credBlob: true, webauthn:extension:largeBlob: true, webauthn:extension:minPinLength: true, webauthn:extension:prf: true, webauthn:virtualAuthenticators: true}
Session ID: 79582ab879a6d3adef9eef970d3c7be2
2026-04-26 17:19:27 [TestNG-test-orangeHRMTest-4] ERROR ActionDriver - element not clickable:Expected condition failed: waiting for element to be clickable: By.xpath: //button[@type='submit'] (tried for 10 second(s) with 500 milliseconds interval)
Build info: version: '4.18.0', revision: 'b6bf9de7cc*'
System info: os.name: 'Windows 11', os.arch: 'amd64', os.version: '10.0', java.version: '25.0.1'
Driver info: org.openqa.selenium.chrome.ChromeDriver
Capabilities {acceptInsecureCerts: false, browserName: chrome, browserVersion: 147.0.7727.103, chrome: {chromedriverVersion: 147.0.7727.117 (474cc805edd..., userDataDir: C:\Users\91708\AppData\Loca...}, fedcm:accounts: true, goog:chromeOptions: {debuggerAddress: localhost:63148}, goog:processID: 14676, networkConnectionEnabled: false, pageLoadStrategy: normal, platformName: windows, proxy: Proxy(), se:cdp: ws://localhost:63148/devtoo..., se:cdpVersion: 147.0.7727.103, setWindowRect: true, strictFileInteractability: false, timeouts: {implicit: 0, pageLoad: 300000, script: 30000}, unhandledPromptBehavior: dismiss and notify, webauthn:extension:credBlob: true, webauthn:extension:largeBlob: true, webauthn:extension:minPinLength: true, webauthn:extension:prf: true, webauthn:virtualAuthenticators: true}
Session ID: a878d8c6cc5ec6de747dedbc45b1fdfc
2026-04-26 17:19:29 [TestNG-test-orangeHRMTest-1] ERROR BaseClass - this is error message
2026-04-26 17:19:29 [TestNG-test-orangeHRMTest-1] FATAL BaseClass - thus is fatal message
2026-04-26 17:19:29 [TestNG-test-orangeHRMTest-1] ERROR BaseClass - this is error message
2026-04-26 17:19:29 [TestNG-test-orangeHRMTest-1] FATAL BaseClass - thus is fatal message
2026-04-26 17:19:34 [TestNG-test-orangeHRMTest-4] ERROR ActionDriver - element not clickable:Expected condition failed: waiting for element to be clickable: By.xpath: //button[@type='submit'] (tried for 10 second(s) with 500 milliseconds interval)
Build info: version: '4.18.0', revision: 'b6bf9de7cc*'
System info: os.name: 'Windows 11', os.arch: 'amd64', os.version: '10.0', java.version: '25.0.1'
Driver info: org.openqa.selenium.chrome.ChromeDriver
Capabilities {acceptInsecureCerts: false, browserName: chrome, browserVersion: 147.0.7727.103, chrome: {chromedriverVersion: 147.0.7727.117 (474cc805edd..., userDataDir: C:\Users\91708\AppData\Loca...}, fedcm:accounts: true, goog:chromeOptions: {debuggerAddress: localhost:63149}, goog:processID: 22692, networkConnectionEnabled: false, pageLoadStrategy: normal, platformName: windows, proxy: Proxy(), se:cdp: ws://localhost:63149/devtoo..., se:cdpVersion: 147.0.7727.103, setWindowRect: true, strictFileInteractability: false, timeouts: {implicit: 0, pageLoad: 300000, script: 30000}, unhandledPromptBehavior: dismiss and notify, webauthn:extension:credBlob: true, webauthn:extension:largeBlob: true, webauthn:extension:minPinLength: true, webauthn:extension:prf: true, webauthn:virtualAuthenticators: true}
Session ID: 642c49d03505c42760e38b1953c03665
2026-04-26 17:19:37 [TestNG-test-orangeHRMTest-4] ERROR ActionDriver - not able to click:no such element: Unable to locate element: {"method":"xpath","selector":"//button[@type='submit']"}
  (Session info: chrome=147.0.7727.103)
For documentation on this error, please visit: https://www.selenium.dev/documentation/webdriver/troubleshooting/errors#no-such-element-exception
Build info: version: '4.18.0', revision: 'b6bf9de7cc*'
System info: os.name: 'Windows 11', os.arch: 'amd64', os.version: '10.0', java.version: '25.0.1'
Driver info: org.openqa.selenium.chrome.ChromeDriver
Command: [a878d8c6cc5ec6de747dedbc45b1fdfc, findElement {using=xpath, value=//button[@type='submit']}]
Capabilities {acceptInsecureCerts: false, browserName: chrome, browserVersion: 147.0.7727.103, chrome: {chromedriverVersion: 147.0.7727.117 (474cc805edd..., userDataDir: C:\Users\91708\AppData\Loca...}, fedcm:accounts: true, goog:chromeOptions: {debuggerAddress: localhost:63148}, goog:processID: 14676, networkConnectionEnabled: false, pageLoadStrategy: normal, platformName: windows, proxy: Proxy(), se:cdp: ws://localhost:63148/devtoo..., se:cdpVersion: 147.0.7727.103, setWindowRect: true, strictFileInteractability: false, timeouts: {implicit: 0, pageLoad: 300000, script: 30000}, unhandledPromptBehavior: dismiss and notify, webauthn:extension:credBlob: true, webauthn:extension:largeBlob: true, webauthn:extension:minPinLength: true, webauthn:extension:prf: true, webauthn:virtualAuthenticators: true}
Session ID: a878d8c6cc5ec6de747dedbc45b1fdfc
2026-04-26 17:19:39 [TestNG-test-orangeHRMTest-1] ERROR ActionDriver - element not visible:Expected condition failed: waiting for presence of element located by: By.name: username (tried for 10 second(s) with 500 milliseconds interval)
2026-04-26 17:19:39 [TestNG-test-orangeHRMTest-1] ERROR ActionDriver - element not visible:Expected condition failed: waiting for presence of element located by: By.name: username (tried for 10 second(s) with 500 milliseconds interval)
2026-04-26 17:19:44 [TestNG-test-orangeHRMTest-4] ERROR ActionDriver - not able to click:no such element: Unable to locate element: {"method":"xpath","selector":"//button[@type='submit']"}
  (Session info: chrome=147.0.7727.103)
For documentation on this error, please visit: https://www.selenium.dev/documentation/webdriver/troubleshooting/errors#no-such-element-exception
Build info: version: '4.18.0', revision: 'b6bf9de7cc*'
System info: os.name: 'Windows 11', os.arch: 'amd64', os.version: '10.0', java.version: '25.0.1'
Driver info: org.openqa.selenium.chrome.ChromeDriver
Command: [642c49d03505c42760e38b1953c03665, findElement {using=xpath, value=//button[@type='submit']}]
Capabilities {acceptInsecureCerts: false, browserName: chrome, browserVersion: 147.0.7727.103, chrome: {chromedriverVersion: 147.0.7727.117 (474cc805edd..., userDataDir: C:\Users\91708\AppData\Loca...}, fedcm:accounts: true, goog:chromeOptions: {debuggerAddress: localhost:63149}, goog:processID: 22692, networkConnectionEnabled: false, pageLoadStrategy: normal, platformName: windows, proxy: Proxy(), se:cdp: ws://localhost:63149/devtoo..., se:cdpVersion: 147.0.7727.103, setWindowRect: true, strictFileInteractability: false, timeouts: {implicit: 0, pageLoad: 300000, script: 30000}, unhandledPromptBehavior: dismiss and notify, webauthn:extension:credBlob: true, webauthn:extension:largeBlob: true, webauthn:extension:minPinLength: true, webauthn:extension:prf: true, webauthn:virtualAuthenticators: true}
Session ID: 642c49d03505c42760e38b1953c03665
2026-04-26 17:19:47 [TestNG-test-orangeHRMTest-4] ERROR ActionDriver - unable to locate element:no such element: Unable to locate element: {"method":"xpath","selector":"//div[@class='oxd-table-card']/div/div[3]"}
  (Session info: chrome=147.0.7727.103)
For documentation on this error, please visit: https://www.selenium.dev/documentation/webdriver/troubleshooting/errors#no-such-element-exception
Build info: version: '4.18.0', revision: 'b6bf9de7cc*'
System info: os.name: 'Windows 11', os.arch: 'amd64', os.version: '10.0', java.version: '25.0.1'
Driver info: org.openqa.selenium.chrome.ChromeDriver
Command: [a878d8c6cc5ec6de747dedbc45b1fdfc, findElement {using=xpath, value=//div[@class='oxd-table-card']/div/div[3]}]
Capabilities {acceptInsecureCerts: false, browserName: chrome, browserVersion: 147.0.7727.103, chrome: {chromedriverVersion: 147.0.7727.117 (474cc805edd..., userDataDir: C:\Users\91708\AppData\Loca...}, fedcm:accounts: true, goog:chromeOptions: {debuggerAddress: localhost:63148}, goog:processID: 14676, networkConnectionEnabled: false, pageLoadStrategy: normal, platformName: windows, proxy: Proxy(), se:cdp: ws://localhost:63148/devtoo..., se:cdpVersion: 147.0.7727.103, setWindowRect: true, strictFileInteractability: false, timeouts: {implicit: 0, pageLoad: 300000, script: 30000}, unhandledPromptBehavior: dismiss and notify, webauthn:extension:credBlob: true, webauthn:extension:largeBlob: true, webauthn:extension:minPinLength: true, webauthn:extension:prf: true, webauthn:virtualAuthenticators: true}
Session ID: a878d8c6cc5ec6de747dedbc45b1fdfc
2026-04-26 17:19:48 [TestNG-test-orangeHRMTest-4] ERROR DBConnection - error while connecting to db
2026-04-26 17:19:48 [TestNG-test-orangeHRMTest-4] ERROR DBConnection - error while execution
2026-04-26 17:19:49 [TestNG-test-orangeHRMTest-1] ERROR ActionDriver - not able to enter:no such element: Unable to locate element: {"method":"css selector","selector":"*[name='username']"}
  (Session info: chrome=147.0.7727.103)
For documentation on this error, please visit: https://www.selenium.dev/documentation/webdriver/troubleshooting/errors#no-such-element-exception
Build info: version: '4.18.0', revision: 'b6bf9de7cc*'
System info: os.name: 'Windows 11', os.arch: 'amd64', os.version: '10.0', java.version: '25.0.1'
Driver info: org.openqa.selenium.chrome.ChromeDriver
Command: [3234c411b22e854d6f5b298506772058, findElement {using=name, value=username}]
Capabilities {acceptInsecureCerts: false, browserName: chrome, browserVersion: 147.0.7727.103, chrome: {chromedriverVersion: 147.0.7727.117 (474cc805edd..., userDataDir: C:\Users\91708\AppData\Loca...}, fedcm:accounts: true, goog:chromeOptions: {debuggerAddress: localhost:64866}, goog:processID: 1936, networkConnectionEnabled: false, pageLoadStrategy: normal, platformName: windows, proxy: Proxy(), se:cdp: ws://localhost:64866/devtoo..., se:cdpVersion: 147.0.7727.103, setWindowRect: true, strictFileInteractability: false, timeouts: {implicit: 0, pageLoad: 300000, script: 30000}, unhandledPromptBehavior: dismiss and notify, webauthn:extension:credBlob: true, webauthn:extension:largeBlob: true, webauthn:extension:minPinLength: true, webauthn:extension:prf: true, webauthn:virtualAuthenticators: true}
Session ID: 3234c411b22e854d6f5b298506772058
2026-04-26 17:19:49 [TestNG-test-orangeHRMTest-1] ERROR ActionDriver - not able to enter:no such element: Unable to locate element: {"method":"css selector","selector":"*[name='username']"}
  (Session info: chrome=147.0.7727.103)
For documentation on this error, please visit: https://www.selenium.dev/documentation/webdriver/troubleshooting/errors#no-such-element-exception
Build info: version: '4.18.0', revision: 'b6bf9de7cc*'
System info: os.name: 'Windows 11', os.arch: 'amd64', os.version: '10.0', java.version: '25.0.1'
Driver info: org.openqa.selenium.chrome.ChromeDriver
Command: [79582ab879a6d3adef9eef970d3c7be2, findElement {using=name, value=username}]
Capabilities {acceptInsecureCerts: false, browserName: chrome, browserVersion: 147.0.7727.103, chrome: {chromedriverVersion: 147.0.7727.117 (474cc805edd..., userDataDir: C:\Users\91708\AppData\Loca...}, fedcm:accounts: true, goog:chromeOptions: {debuggerAddress: localhost:52539}, goog:processID: 21164, networkConnectionEnabled: false, pageLoadStrategy: normal, platformName: windows, proxy: Proxy(), se:cdp: ws://localhost:52539/devtoo..., se:cdpVersion: 147.0.7727.103, setWindowRect: true, strictFileInteractability: false, timeouts: {implicit: 0, pageLoad: 300000, script: 30000}, unhandledPromptBehavior: dismiss and notify, webauthn:extension:credBlob: true, webauthn:extension:largeBlob: true, webauthn:extension:minPinLength: true, webauthn:extension:prf: true, webauthn:virtualAuthenticators: true}
Session ID: 79582ab879a6d3adef9eef970d3c7be2
2026-04-26 17:19:54 [TestNG-test-orangeHRMTest-4] ERROR ActionDriver - unable to locate element:no such element: Unable to locate element: {"method":"xpath","selector":"//div[@class='oxd-table-card']/div/div[3]"}
  (Session info: chrome=147.0.7727.103)
For documentation on this error, please visit: https://www.selenium.dev/documentation/webdriver/troubleshooting/errors#no-such-element-exception
Build info: version: '4.18.0', revision: 'b6bf9de7cc*'
System info: os.name: 'Windows 11', os.arch: 'amd64', os.version: '10.0', java.version: '25.0.1'
Driver info: org.openqa.selenium.chrome.ChromeDriver
Command: [642c49d03505c42760e38b1953c03665, findElement {using=xpath, value=//div[@class='oxd-table-card']/div/div[3]}]
Capabilities {acceptInsecureCerts: false, browserName: chrome, browserVersion: 147.0.7727.103, chrome: {chromedriverVersion: 147.0.7727.117 (474cc805edd..., userDataDir: C:\Users\91708\AppData\Loca...}, fedcm:accounts: true, goog:chromeOptions: {debuggerAddress: localhost:63149}, goog:processID: 22692, networkConnectionEnabled: false, pageLoadStrategy: normal, platformName: windows, proxy: Proxy(), se:cdp: ws://localhost:63149/devtoo..., se:cdpVersion: 147.0.7727.103, setWindowRect: true, strictFileInteractability: false, timeouts: {implicit: 0, pageLoad: 300000, script: 30000}, unhandledPromptBehavior: dismiss and notify, webauthn:extension:credBlob: true, webauthn:extension:largeBlob: true, webauthn:extension:minPinLength: true, webauthn:extension:prf: true, webauthn:virtualAuthenticators: true}
Session ID: 642c49d03505c42760e38b1953c03665
2026-04-26 17:19:54 [TestNG-test-orangeHRMTest-4] ERROR DBConnection - error while connecting to db
2026-04-26 17:19:54 [TestNG-test-orangeHRMTest-4] ERROR DBConnection - error while execution
2026-04-26 17:19:58 [TestNG-test-orangeHRMTest-4] ERROR ActionDriver - element not visible:Expected condition failed: waiting for presence of element located by: By.xpath: //div[@class='oxd-table-card']/div/div[3] (tried for 10 second(s) with 500 milliseconds interval)
2026-04-26 17:19:59 [TestNG-test-orangeHRMTest-1] ERROR ActionDriver - element not visible:Expected condition failed: waiting for presence of element located by: By.name: password (tried for 10 second(s) with 500 milliseconds interval)
2026-04-26 17:19:59 [TestNG-test-orangeHRMTest-1] ERROR ActionDriver - element not visible:Expected condition failed: waiting for presence of element located by: By.name: password (tried for 10 second(s) with 500 milliseconds interval)
2026-04-26 17:20:04 [TestNG-test-orangeHRMTest-4] ERROR ActionDriver - element not visible:Expected condition failed: waiting for presence of element located by: By.xpath: //div[@class='oxd-table-card']/div/div[3] (tried for 10 second(s) with 500 milliseconds interval)
2026-04-26 17:20:08 [TestNG-test-orangeHRMTest-4] ERROR ActionDriver - this stringnulltestnullis not equalno such element: Unable to locate element: {"method":"xpath","selector":"//div[@class='oxd-table-card']/div/div[3]"}
  (Session info: chrome=147.0.7727.103)
For documentation on this error, please visit: https://www.selenium.dev/documentation/webdriver/troubleshooting/errors#no-such-element-exception
Build info: version: '4.18.0', revision: 'b6bf9de7cc*'
System info: os.name: 'Windows 11', os.arch: 'amd64', os.version: '10.0', java.version: '25.0.1'
Driver info: org.openqa.selenium.chrome.ChromeDriver
Command: [a878d8c6cc5ec6de747dedbc45b1fdfc, findElement {using=xpath, value=//div[@class='oxd-table-card']/div/div[3]}]
Capabilities {acceptInsecureCerts: false, browserName: chrome, browserVersion: 147.0.7727.103, chrome: {chromedriverVersion: 147.0.7727.117 (474cc805edd..., userDataDir: C:\Users\91708\AppData\Loca...}, fedcm:accounts: true, goog:chromeOptions: {debuggerAddress: localhost:63148}, goog:processID: 14676, networkConnectionEnabled: false, pageLoadStrategy: normal, platformName: windows, proxy: Proxy(), se:cdp: ws://localhost:63148/devtoo..., se:cdpVersion: 147.0.7727.103, setWindowRect: true, strictFileInteractability: false, timeouts: {implicit: 0, pageLoad: 300000, script: 30000}, unhandledPromptBehavior: dismiss and notify, webauthn:extension:credBlob: true, webauthn:extension:largeBlob: true, webauthn:extension:minPinLength: true, webauthn:extension:prf: true, webauthn:virtualAuthenticators: true}
Session ID: a878d8c6cc5ec6de747dedbc45b1fdfc
2026-04-26 17:20:09 [TestNG-test-orangeHRMTest-1] ERROR ActionDriver - not able to enter:no such element: Unable to locate element: {"method":"css selector","selector":"*[name='password']"}
  (Session info: chrome=147.0.7727.103)
For documentation on this error, please visit: https://www.selenium.dev/documentation/webdriver/troubleshooting/errors#no-such-element-exception
Build info: version: '4.18.0', revision: 'b6bf9de7cc*'
System info: os.name: 'Windows 11', os.arch: 'amd64', os.version: '10.0', java.version: '25.0.1'
Driver info: org.openqa.selenium.chrome.ChromeDriver
Command: [3234c411b22e854d6f5b298506772058, findElement {using=name, value=password}]
Capabilities {acceptInsecureCerts: false, browserName: chrome, browserVersion: 147.0.7727.103, chrome: {chromedriverVersion: 147.0.7727.117 (474cc805edd..., userDataDir: C:\Users\91708\AppData\Loca...}, fedcm:accounts: true, goog:chromeOptions: {debuggerAddress: localhost:64866}, goog:processID: 1936, networkConnectionEnabled: false, pageLoadStrategy: normal, platformName: windows, proxy: Proxy(), se:cdp: ws://localhost:64866/devtoo..., se:cdpVersion: 147.0.7727.103, setWindowRect: true, strictFileInteractability: false, timeouts: {implicit: 0, pageLoad: 300000, script: 30000}, unhandledPromptBehavior: dismiss and notify, webauthn:extension:credBlob: true, webauthn:extension:largeBlob: true, webauthn:extension:minPinLength: true, webauthn:extension:prf: true, webauthn:virtualAuthenticators: true}
Session ID: 3234c411b22e854d6f5b298506772058
2026-04-26 17:20:09 [TestNG-test-orangeHRMTest-1] ERROR ActionDriver - not able to enter:no such element: Unable to locate element: {"method":"css selector","selector":"*[name='password']"}
  (Session info: chrome=147.0.7727.103)
For documentation on this error, please visit: https://www.selenium.dev/documentation/webdriver/troubleshooting/errors#no-such-element-exception
Build info: version: '4.18.0', revision: 'b6bf9de7cc*'
System info: os.name: 'Windows 11', os.arch: 'amd64', os.version: '10.0', java.version: '25.0.1'
Driver info: org.openqa.selenium.chrome.ChromeDriver
Command: [79582ab879a6d3adef9eef970d3c7be2, findElement {using=name, value=password}]
Capabilities {acceptInsecureCerts: false, browserName: chrome, browserVersion: 147.0.7727.103, chrome: {chromedriverVersion: 147.0.7727.117 (474cc805edd..., userDataDir: C:\Users\91708\AppData\Loca...}, fedcm:accounts: true, goog:chromeOptions: {debuggerAddress: localhost:52539}, goog:processID: 21164, networkConnectionEnabled: false, pageLoadStrategy: normal, platformName: windows, proxy: Proxy(), se:cdp: ws://localhost:52539/devtoo..., se:cdpVersion: 147.0.7727.103, setWindowRect: true, strictFileInteractability: false, timeouts: {implicit: 0, pageLoad: 300000, script: 30000}, unhandledPromptBehavior: dismiss and notify, webauthn:extension:credBlob: true, webauthn:extension:largeBlob: true, webauthn:extension:minPinLength: true, webauthn:extension:prf: true, webauthn:virtualAuthenticators: true}
Session ID: 79582ab879a6d3adef9eef970d3c7be2
2026-04-26 17:20:15 [TestNG-test-orangeHRMTest-4] ERROR ActionDriver - this stringnulltestnullis not equalno such element: Unable to locate element: {"method":"xpath","selector":"//div[@class='oxd-table-card']/div/div[3]"}
  (Session info: chrome=147.0.7727.103)
For documentation on this error, please visit: https://www.selenium.dev/documentation/webdriver/troubleshooting/errors#no-such-element-exception
Build info: version: '4.18.0', revision: 'b6bf9de7cc*'
System info: os.name: 'Windows 11', os.arch: 'amd64', os.version: '10.0', java.version: '25.0.1'
Driver info: org.openqa.selenium.chrome.ChromeDriver
Command: [642c49d03505c42760e38b1953c03665, findElement {using=xpath, value=//div[@class='oxd-table-card']/div/div[3]}]
Capabilities {acceptInsecureCerts: false, browserName: chrome, browserVersion: 147.0.7727.103, chrome: {chromedriverVersion: 147.0.7727.117 (474cc805edd..., userDataDir: C:\Users\91708\AppData\Loca...}, fedcm:accounts: true, goog:chromeOptions: {debuggerAddress: localhost:63149}, goog:processID: 22692, networkConnectionEnabled: false, pageLoadStrategy: normal, platformName: windows, proxy: Proxy(), se:cdp: ws://localhost:63149/devtoo..., se:cdpVersion: 147.0.7727.103, setWindowRect: true, strictFileInteractability: false, timeouts: {implicit: 0, pageLoad: 300000, script: 30000}, unhandledPromptBehavior: dismiss and notify, webauthn:extension:credBlob: true, webauthn:extension:largeBlob: true, webauthn:extension:minPinLength: true, webauthn:extension:prf: true, webauthn:virtualAuthenticators: true}
Session ID: 642c49d03505c42760e38b1953c03665
2026-04-26 17:20:18 [TestNG-test-orangeHRMTest-4] ERROR ActionDriver - element not visible:Expected condition failed: waiting for presence of element located by: By.xpath: //div[@class='oxd-table-card']/div/div[4] (tried for 10 second(s) with 500 milliseconds interval)
2026-04-26 17:20:22 [TestNG-test-orangeHRMTest-1] ERROR ActionDriver - element not visible:Expected condition failed: waiting for presence of element located by: By.xpath: //p[text()='Invalid credentials'] (tried for 10 second(s) with 500 milliseconds interval)
2026-04-26 17:20:22 [TestNG-test-orangeHRMTest-1] ERROR ActionDriver - element not visible:Expected condition failed: waiting for presence of element located by: By.xpath: //p[text()='Invalid credentials'] (tried for 10 second(s) with 500 milliseconds interval)
2026-04-26 17:20:25 [TestNG-test-orangeHRMTest-4] ERROR ActionDriver - element not visible:Expected condition failed: waiting for presence of element located by: By.xpath: //div[@class='oxd-table-card']/div/div[4] (tried for 10 second(s) with 500 milliseconds interval)
2026-04-26 17:20:28 [TestNG-test-orangeHRMTest-4] ERROR ActionDriver - this stringnullis not equalno such element: Unable to locate element: {"method":"xpath","selector":"//div[@class='oxd-table-card']/div/div[4]"}
  (Session info: chrome=147.0.7727.103)
For documentation on this error, please visit: https://www.selenium.dev/documentation/webdriver/troubleshooting/errors#no-such-element-exception
Build info: version: '4.18.0', revision: 'b6bf9de7cc*'
System info: os.name: 'Windows 11', os.arch: 'amd64', os.version: '10.0', java.version: '25.0.1'
Driver info: org.openqa.selenium.chrome.ChromeDriver
Command: [a878d8c6cc5ec6de747dedbc45b1fdfc, findElement {using=xpath, value=//div[@class='oxd-table-card']/div/div[4]}]
Capabilities {acceptInsecureCerts: false, browserName: chrome, browserVersion: 147.0.7727.103, chrome: {chromedriverVersion: 147.0.7727.117 (474cc805edd..., userDataDir: C:\Users\91708\AppData\Loca...}, fedcm:accounts: true, goog:chromeOptions: {debuggerAddress: localhost:63148}, goog:processID: 14676, networkConnectionEnabled: false, pageLoadStrategy: normal, platformName: windows, proxy: Proxy(), se:cdp: ws://localhost:63148/devtoo..., se:cdpVersion: 147.0.7727.103, setWindowRect: true, strictFileInteractability: false, timeouts: {implicit: 0, pageLoad: 300000, script: 30000}, unhandledPromptBehavior: dismiss and notify, webauthn:extension:credBlob: true, webauthn:extension:largeBlob: true, webauthn:extension:minPinLength: true, webauthn:extension:prf: true, webauthn:virtualAuthenticators: true}
Session ID: a878d8c6cc5ec6de747dedbc45b1fdfc
2026-04-26 17:20:35 [TestNG-test-orangeHRMTest-4] ERROR ActionDriver - this stringnullis not equalno such element: Unable to locate element: {"method":"xpath","selector":"//div[@class='oxd-table-card']/div/div[4]"}
  (Session info: chrome=147.0.7727.103)
For documentation on this error, please visit: https://www.selenium.dev/documentation/webdriver/troubleshooting/errors#no-such-element-exception
Build info: version: '4.18.0', revision: 'b6bf9de7cc*'
System info: os.name: 'Windows 11', os.arch: 'amd64', os.version: '10.0', java.version: '25.0.1'
Driver info: org.openqa.selenium.chrome.ChromeDriver
Command: [642c49d03505c42760e38b1953c03665, findElement {using=xpath, value=//div[@class='oxd-table-card']/div/div[4]}]
Capabilities {acceptInsecureCerts: false, browserName: chrome, browserVersion: 147.0.7727.103, chrome: {chromedriverVersion: 147.0.7727.117 (474cc805edd..., userDataDir: C:\Users\91708\AppData\Loca...}, fedcm:accounts: true, goog:chromeOptions: {debuggerAddress: localhost:63149}, goog:processID: 22692, networkConnectionEnabled: false, pageLoadStrategy: normal, platformName: windows, proxy: Proxy(), se:cdp: ws://localhost:63149/devtoo..., se:cdpVersion: 147.0.7727.103, setWindowRect: true, strictFileInteractability: false, timeouts: {implicit: 0, pageLoad: 300000, script: 30000}, unhandledPromptBehavior: dismiss and notify, webauthn:extension:credBlob: true, webauthn:extension:largeBlob: true, webauthn:extension:minPinLength: true, webauthn:extension:prf: true, webauthn:virtualAuthenticators: true}
Session ID: 642c49d03505c42760e38b1953c03665
2026-04-26 22:15:03 [TestNG-test-orangeHRMTest-3] ERROR BaseClass - this is error message
2026-04-26 22:15:03 [TestNG-test-orangeHRMTest-3] FATAL BaseClass - thus is fatal message
2026-04-26 22:15:05 [TestNG-test-orangeHRMTest-4] ERROR BaseClass - this is error message
2026-04-26 22:15:05 [TestNG-test-orangeHRMTest-4] FATAL BaseClass - thus is fatal message
2026-04-26 22:15:05 [TestNG-test-orangeHRMTest-2] ERROR BaseClass - this is error message
2026-04-26 22:15:05 [TestNG-test-orangeHRMTest-2] FATAL BaseClass - thus is fatal message
2026-04-26 22:15:05 [TestNG-test-orangeHRMTest-1] ERROR BaseClass - this is error message
2026-04-26 22:15:05 [TestNG-test-orangeHRMTest-1] FATAL BaseClass - thus is fatal message
2026-04-26 22:15:12 [TestNG-test-orangeHRMTest-3] ERROR BaseClass - this is error message
2026-04-26 22:15:12 [TestNG-test-orangeHRMTest-3] FATAL BaseClass - thus is fatal message
2026-04-26 22:15:20 [TestNG-test-orangeHRMTest-1] ERROR BaseClass - this is error message
2026-04-26 22:15:20 [TestNG-test-orangeHRMTest-1] FATAL BaseClass - thus is fatal message
2026-04-26 22:15:28 [TestNG-test-orangeHRMTest-3] ERROR ActionDriver - element not clickable:Expected condition failed: waiting for element to be clickable: By.xpath: //span[text()='PIM'] (tried for 10 second(s) with 500 milliseconds interval)
Build info: version: '4.18.0', revision: 'b6bf9de7cc*'
System info: os.name: 'Windows 11', os.arch: 'amd64', os.version: '10.0', java.version: '25.0.1'
Driver info: org.openqa.selenium.chrome.ChromeDriver
Capabilities {acceptInsecureCerts: false, browserName: chrome, browserVersion: 147.0.7727.103, chrome: {chromedriverVersion: 147.0.7727.117 (474cc805edd..., userDataDir: C:\Users\91708\AppData\Loca...}, fedcm:accounts: true, goog:chromeOptions: {debuggerAddress: localhost:54031}, goog:processID: 24344, networkConnectionEnabled: false, pageLoadStrategy: normal, platformName: windows, proxy: Proxy(), se:cdp: ws://localhost:54031/devtoo..., se:cdpVersion: 147.0.7727.103, setWindowRect: true, strictFileInteractability: false, timeouts: {implicit: 0, pageLoad: 300000, script: 30000}, unhandledPromptBehavior: dismiss and notify, webauthn:extension:credBlob: true, webauthn:extension:largeBlob: true, webauthn:extension:minPinLength: true, webauthn:extension:prf: true, webauthn:virtualAuthenticators: true}
Session ID: 2b1c8d148cbc284110e367cdd3113d97
2026-04-26 22:15:36 [TestNG-test-orangeHRMTest-1] ERROR BaseClass - this is error message
2026-04-26 22:15:36 [TestNG-test-orangeHRMTest-1] FATAL BaseClass - thus is fatal message
2026-04-26 22:15:39 [TestNG-test-orangeHRMTest-3] ERROR ActionDriver - not able to click:element not interactable
  (Session info: chrome=147.0.7727.103)
Build info: version: '4.18.0', revision: 'b6bf9de7cc*'
System info: os.name: 'Windows 11', os.arch: 'amd64', os.version: '10.0', java.version: '25.0.1'
Driver info: org.openqa.selenium.chrome.ChromeDriver
Command: [2b1c8d148cbc284110e367cdd3113d97, clickElement {id=f.EC880131B8E0405235C27244BF90FE85.d.26631ED152090A11811D96EDCFBC4361.e.25}]
Capabilities {acceptInsecureCerts: false, browserName: chrome, browserVersion: 147.0.7727.103, chrome: {chromedriverVersion: 147.0.7727.117 (474cc805edd..., userDataDir: C:\Users\91708\AppData\Loca...}, fedcm:accounts: true, goog:chromeOptions: {debuggerAddress: localhost:54031}, goog:processID: 24344, networkConnectionEnabled: false, pageLoadStrategy: normal, platformName: windows, proxy: Proxy(), se:cdp: ws://localhost:54031/devtoo..., se:cdpVersion: 147.0.7727.103, setWindowRect: true, strictFileInteractability: false, timeouts: {implicit: 0, pageLoad: 300000, script: 30000}, unhandledPromptBehavior: dismiss and notify, webauthn:extension:credBlob: true, webauthn:extension:largeBlob: true, webauthn:extension:minPinLength: true, webauthn:extension:prf: true, webauthn:virtualAuthenticators: true}
Element: [[ChromeDriver: chrome on windows (2b1c8d148cbc284110e367cdd3113d97)] -> xpath: //span[text()='PIM']]
Session ID: 2b1c8d148cbc284110e367cdd3113d97
2026-04-26 22:15:39 [TestNG-test-orangeHRMTest-1] ERROR ActionDriver - actual textInvalid credentialsas well asError messageare not equal
2026-04-26 22:15:45 [TestNG-test-orangeHRMTest-1] ERROR BaseClass - this is error message
2026-04-26 22:15:45 [TestNG-test-orangeHRMTest-1] FATAL BaseClass - thus is fatal message
2026-04-26 22:15:49 [TestNG-test-orangeHRMTest-3] ERROR ActionDriver - element not visible:Expected condition failed: waiting for presence of element located by: By.xpath: //label[text()='Employee Name']//parent::div/following-sibling::div/div//input (tried for 10 second(s) with 500 milliseconds interval)
2026-04-26 22:15:59 [TestNG-test-orangeHRMTest-3] ERROR ActionDriver - not able to enter:no such element: Unable to locate element: {"method":"xpath","selector":"//label[text()='Employee Name']//parent::div/following-sibling::div/div//input"}
  (Session info: chrome=147.0.7727.103)
For documentation on this error, please visit: https://www.selenium.dev/documentation/webdriver/troubleshooting/errors#no-such-element-exception
Build info: version: '4.18.0', revision: 'b6bf9de7cc*'
System info: os.name: 'Windows 11', os.arch: 'amd64', os.version: '10.0', java.version: '25.0.1'
Driver info: org.openqa.selenium.chrome.ChromeDriver
Command: [2b1c8d148cbc284110e367cdd3113d97, findElement {value=//label[text()='Employee Name']//parent::div/following-sibling::div/div//input, using=xpath}]
Capabilities {acceptInsecureCerts: false, browserName: chrome, browserVersion: 147.0.7727.103, chrome: {chromedriverVersion: 147.0.7727.117 (474cc805edd..., userDataDir: C:\Users\91708\AppData\Loca...}, fedcm:accounts: true, goog:chromeOptions: {debuggerAddress: localhost:54031}, goog:processID: 24344, networkConnectionEnabled: false, pageLoadStrategy: normal, platformName: windows, proxy: Proxy(), se:cdp: ws://localhost:54031/devtoo..., se:cdpVersion: 147.0.7727.103, setWindowRect: true, strictFileInteractability: false, timeouts: {implicit: 0, pageLoad: 300000, script: 30000}, unhandledPromptBehavior: dismiss and notify, webauthn:extension:credBlob: true, webauthn:extension:largeBlob: true, webauthn:extension:minPinLength: true, webauthn:extension:prf: true, webauthn:virtualAuthenticators: true}
Session ID: 2b1c8d148cbc284110e367cdd3113d97
2026-04-26 22:16:19 [TestNG-test-orangeHRMTest-3] ERROR ActionDriver - element not clickable:Expected condition failed: waiting for element to be clickable: By.xpath: //button[@type='submit'] (tried for 10 second(s) with 500 milliseconds interval)
Build info: version: '4.18.0', revision: 'b6bf9de7cc*'
System info: os.name: 'Windows 11', os.arch: 'amd64', os.version: '10.0', java.version: '25.0.1'
Driver info: org.openqa.selenium.chrome.ChromeDriver
Capabilities {acceptInsecureCerts: false, browserName: chrome, browserVersion: 147.0.7727.103, chrome: {chromedriverVersion: 147.0.7727.117 (474cc805edd..., userDataDir: C:\Users\91708\AppData\Loca...}, fedcm:accounts: true, goog:chromeOptions: {debuggerAddress: localhost:54031}, goog:processID: 24344, networkConnectionEnabled: false, pageLoadStrategy: normal, platformName: windows, proxy: Proxy(), se:cdp: ws://localhost:54031/devtoo..., se:cdpVersion: 147.0.7727.103, setWindowRect: true, strictFileInteractability: false, timeouts: {implicit: 0, pageLoad: 300000, script: 30000}, unhandledPromptBehavior: dismiss and notify, webauthn:extension:credBlob: true, webauthn:extension:largeBlob: true, webauthn:extension:minPinLength: true, webauthn:extension:prf: true, webauthn:virtualAuthenticators: true}
Session ID: 2b1c8d148cbc284110e367cdd3113d97
2026-04-26 22:16:29 [TestNG-test-orangeHRMTest-3] ERROR ActionDriver - not able to click:no such element: Unable to locate element: {"method":"xpath","selector":"//button[@type='submit']"}
  (Session info: chrome=147.0.7727.103)
For documentation on this error, please visit: https://www.selenium.dev/documentation/webdriver/troubleshooting/errors#no-such-element-exception
Build info: version: '4.18.0', revision: 'b6bf9de7cc*'
System info: os.name: 'Windows 11', os.arch: 'amd64', os.version: '10.0', java.version: '25.0.1'
Driver info: org.openqa.selenium.chrome.ChromeDriver
Command: [2b1c8d148cbc284110e367cdd3113d97, findElement {value=//button[@type='submit'], using=xpath}]
Capabilities {acceptInsecureCerts: false, browserName: chrome, browserVersion: 147.0.7727.103, chrome: {chromedriverVersion: 147.0.7727.117 (474cc805edd..., userDataDir: C:\Users\91708\AppData\Loca...}, fedcm:accounts: true, goog:chromeOptions: {debuggerAddress: localhost:54031}, goog:processID: 24344, networkConnectionEnabled: false, pageLoadStrategy: normal, platformName: windows, proxy: Proxy(), se:cdp: ws://localhost:54031/devtoo..., se:cdpVersion: 147.0.7727.103, setWindowRect: true, strictFileInteractability: false, timeouts: {implicit: 0, pageLoad: 300000, script: 30000}, unhandledPromptBehavior: dismiss and notify, webauthn:extension:credBlob: true, webauthn:extension:largeBlob: true, webauthn:extension:minPinLength: true, webauthn:extension:prf: true, webauthn:virtualAuthenticators: true}
Session ID: 2b1c8d148cbc284110e367cdd3113d97
2026-04-26 22:16:39 [TestNG-test-orangeHRMTest-3] ERROR ActionDriver - unable to locate element:no such element: Unable to locate element: {"method":"xpath","selector":"//div[@class='oxd-table-card']/div/div[3]"}
  (Session info: chrome=147.0.7727.103)
For documentation on this error, please visit: https://www.selenium.dev/documentation/webdriver/troubleshooting/errors#no-such-element-exception
Build info: version: '4.18.0', revision: 'b6bf9de7cc*'
System info: os.name: 'Windows 11', os.arch: 'amd64', os.version: '10.0', java.version: '25.0.1'
Driver info: org.openqa.selenium.chrome.ChromeDriver
Command: [2b1c8d148cbc284110e367cdd3113d97, findElement {value=//div[@class='oxd-table-card']/div/div[3], using=xpath}]
Capabilities {acceptInsecureCerts: false, browserName: chrome, browserVersion: 147.0.7727.103, chrome: {chromedriverVersion: 147.0.7727.117 (474cc805edd..., userDataDir: C:\Users\91708\AppData\Loca...}, fedcm:accounts: true, goog:chromeOptions: {debuggerAddress: localhost:54031}, goog:processID: 24344, networkConnectionEnabled: false, pageLoadStrategy: normal, platformName: windows, proxy: Proxy(), se:cdp: ws://localhost:54031/devtoo..., se:cdpVersion: 147.0.7727.103, setWindowRect: true, strictFileInteractability: false, timeouts: {implicit: 0, pageLoad: 300000, script: 30000}, unhandledPromptBehavior: dismiss and notify, webauthn:extension:credBlob: true, webauthn:extension:largeBlob: true, webauthn:extension:minPinLength: true, webauthn:extension:prf: true, webauthn:virtualAuthenticators: true}
Session ID: 2b1c8d148cbc284110e367cdd3113d97
2026-04-26 22:16:49 [TestNG-test-orangeHRMTest-3] ERROR ActionDriver - element not visible:Expected condition failed: waiting for presence of element located by: By.xpath: //div[@class='oxd-table-card']/div/div[3] (tried for 10 second(s) with 500 milliseconds interval)
2026-04-26 22:16:59 [TestNG-test-orangeHRMTest-3] ERROR ActionDriver - this stringMayanktestis not equalno such element: Unable to locate element: {"method":"xpath","selector":"//div[@class='oxd-table-card']/div/div[3]"}
  (Session info: chrome=147.0.7727.103)
For documentation on this error, please visit: https://www.selenium.dev/documentation/webdriver/troubleshooting/errors#no-such-element-exception
Build info: version: '4.18.0', revision: 'b6bf9de7cc*'
System info: os.name: 'Windows 11', os.arch: 'amd64', os.version: '10.0', java.version: '25.0.1'
Driver info: org.openqa.selenium.chrome.ChromeDriver
Command: [2b1c8d148cbc284110e367cdd3113d97, findElement {value=//div[@class='oxd-table-card']/div/div[3], using=xpath}]
Capabilities {acceptInsecureCerts: false, browserName: chrome, browserVersion: 147.0.7727.103, chrome: {chromedriverVersion: 147.0.7727.117 (474cc805edd..., userDataDir: C:\Users\91708\AppData\Loca...}, fedcm:accounts: true, goog:chromeOptions: {debuggerAddress: localhost:54031}, goog:processID: 24344, networkConnectionEnabled: false, pageLoadStrategy: normal, platformName: windows, proxy: Proxy(), se:cdp: ws://localhost:54031/devtoo..., se:cdpVersion: 147.0.7727.103, setWindowRect: true, strictFileInteractability: false, timeouts: {implicit: 0, pageLoad: 300000, script: 30000}, unhandledPromptBehavior: dismiss and notify, webauthn:extension:credBlob: true, webauthn:extension:largeBlob: true, webauthn:extension:minPinLength: true, webauthn:extension:prf: true, webauthn:virtualAuthenticators: true}
Session ID: 2b1c8d148cbc284110e367cdd3113d97
2026-04-26 22:17:09 [TestNG-test-orangeHRMTest-3] ERROR ActionDriver - element not visible:Expected condition failed: waiting for presence of element located by: By.xpath: //div[@class='oxd-table-card']/div/div[4] (tried for 10 second(s) with 500 milliseconds interval)
2026-04-26 22:17:19 [TestNG-test-orangeHRMTest-3] ERROR ActionDriver - this stringKumaris not equalno such element: Unable to locate element: {"method":"xpath","selector":"//div[@class='oxd-table-card']/div/div[4]"}
  (Session info: chrome=147.0.7727.103)
For documentation on this error, please visit: https://www.selenium.dev/documentation/webdriver/troubleshooting/errors#no-such-element-exception
Build info: version: '4.18.0', revision: 'b6bf9de7cc*'
System info: os.name: 'Windows 11', os.arch: 'amd64', os.version: '10.0', java.version: '25.0.1'
Driver info: org.openqa.selenium.chrome.ChromeDriver
Command: [2b1c8d148cbc284110e367cdd3113d97, findElement {value=//div[@class='oxd-table-card']/div/div[4], using=xpath}]
Capabilities {acceptInsecureCerts: false, browserName: chrome, browserVersion: 147.0.7727.103, chrome: {chromedriverVersion: 147.0.7727.117 (474cc805edd..., userDataDir: C:\Users\91708\AppData\Loca...}, fedcm:accounts: true, goog:chromeOptions: {debuggerAddress: localhost:54031}, goog:processID: 24344, networkConnectionEnabled: false, pageLoadStrategy: normal, platformName: windows, proxy: Proxy(), se:cdp: ws://localhost:54031/devtoo..., se:cdpVersion: 147.0.7727.103, setWindowRect: true, strictFileInteractability: false, timeouts: {implicit: 0, pageLoad: 300000, script: 30000}, unhandledPromptBehavior: dismiss and notify, webauthn:extension:credBlob: true, webauthn:extension:largeBlob: true, webauthn:extension:minPinLength: true, webauthn:extension:prf: true, webauthn:virtualAuthenticators: true}
Session ID: 2b1c8d148cbc284110e367cdd3113d97
